citing_oid	citing_date	class	bad_cite	good_cite	pdf_verdict	context
12567	1997-12-02	NW_DIGIT_FLIP	569 N.W.2d 568	569 N.W.2d 563	NEITHER	oes not need to discuss the other elements. *Braaten v. Deere & Co., et al.,* 1997 ND 202, ¶ 19, 569
12608	1998-01-27	ND_DIGIT_FLIP	1997 ND 281	1997 ND 231	VERIFIED	aterial fact is presented, it is presumed the evidence does not exist. *Miller,*1997 ND 281, ¶ 15, 5
12590	1998-02-12	ND_DIGIT_FLIP	1997 ND 68	1997 ND 58	VERIFIED	but not all, of one person’s disputes in an estate. 2 *Zimmerman,* *207 1997 ND 68, ¶ 5, 561 N.W.2d 
12619	1998-03-05	ND_DIGIT_FLIP	1997 ND 38	1997 ND 33	VERIFIED	properly consider evidence of domestic violence. [¶ 8] In *Huesers v. Huesers,*1997 ND 38, ¶¶ 2, 3, 
12634	1998-03-05	NW_DIGIT_FLIP	569 N.W.2d 846	559 N.W.2d 846	VERIFIED	is a question of law, fully reviewable on appeal. *Nodak Mut. Ins. Co. v. Heim,*1997 ND 36, ¶ 12, 56
12645	1998-03-30	NW_DIGIT_FLIP	659 N.W.2d 538	559 N.W.2d 538	VERIFIED	ulable suspicion the motorist has violated or is violating the law. *Kenner,* 1997 ND 1, ¶ 8, 659 N.
12725	1998-07-16	NW_DIGIT_FLIP	567 N.W.2d 838	567 N.W.2d 833	VERIFIED	see, *e.g., McDaniel v.* *644 *North Dakota Workers Compensation Bureau,* 1997 ND 154, ¶ 14, 567 N.W
12736	1998-08-18	NW_DIGIT_FLIP	670 N.W.2d 195	570 N.W.2d 195	NEITHER	ng Clark not guilty of murder, but guilty of manslaughter.” *State v. Clark,* 1997 ND 199, ¶2, 670 N
12756	1998-09-29	NW_DIGIT_FLIP	567 N.W.2d 883	567 N.W.2d 833	VERIFIED	for benefits, *see, e.g., McDaniel v. North Dakota Workers Compensation Bureau,*1997 ND 154, ¶ 17, 5
12863	1999-04-06	NW_DIGIT_FLIP	683 N.W.2d 631	583 N.W.2d 631	VERIFIED	our interpretation of N.D.C.C. § 39-06-09. As we stated in *Rydberg v. Johnson,*1998 ND 160, ¶ 6, 68
12863	1999-04-06	NW_DIGIT_FLIP	674 N.W.2d 838	574 N.W.2d 838	VERIFIED	ntent of the legislature. *See, e.g., Singha v. State Bd. of Medical Examiners,*1998 ND 42, ¶ 16, 67
12865	1999-04-06	NW_DIGIT_FLIP	683 N.W.2d 804	583 N.W.2d 804	VERIFIED	d we decline to address it on appeal. *See, e.g., Ohio Cas. Ins. Co. v. Horner,*1998 ND 168, ¶ 26, 6
13013	1999-10-20	NW_DIGIT_FLIP	587 N.W.2d 178	587 N.W.2d 173	VERIFIED	the disputed facts would not alter the result. *Smith v. Land O’Lakes, Inc.,* 1998 ND 219, ¶9, 587 N
13013	1999-10-20	NW_DIGIT_FLIP	588 N.W.2d 385	583 N.W.2d 385	VERIFIED	ansportation,* 1999 ND 2, ¶ 10, 589 N.W.2d 201. *See also Messiha v. State,* 1998 ND 149, ¶21, 588 N
13034	1999-12-01	NW_DIGIT_FLIP	580 N.W.2d 578	580 N.W.2d 573	VERIFIED	nity to observe the candor and demeanor of the witnesses. *In Interest of L.F.,*1998 ND 129, ¶ 12, 5
13034	1999-12-01	NW_DIGIT_FLIP	584 N.W.2d 858	584 N.W.2d 853	VERIFIED	reasonable prediction of continued or future deprivation. *In Interest of A.S.,*1998 ND 181, ¶ 19, 5
13048	1999-12-01	NW_DIGIT_FLIP	568 N.W.2d 799	563 N.W.2d 799	VERIFIED	a brief are insufficient to raise an issue of material fact. *L.C. v. R.P.,* 1997 ND 96, ¶ 6, 568 N.
13057	1999-12-23	NW_DIGIT_FLIP	560 N.W.2d 908	560 N.W.2d 903	VERIFIED	bused its discretion in not considering the factors created in *Stout v. Stout,*1997 ND 61, 560 N.W.
13090	2000-02-22	NW_DIGIT_FLIP	575 N.W.2d 208	575 N.W.2d 203	VERIFIED	iency of the evidence for a jury verdict is very limited. *State v. Esparza,* 1998 ND 13, ¶ 17, 575 
13099	2000-03-21	NW_DIGIT_FLIP	587 N.W.2d 158	587 N.W.2d 153	VERIFIED	in the communication. 1 In *Scott v. North Dakota Workers Compensation Bureau,*1998 ND 221, ¶ 10, 58
13156	2000-05-11	ND_DIGIT_FLIP	2000 ND 38	2000 ND 33	VERIFIED	appellant of a fair hearing. *Siewert v. North Dakota Workers Comp. Bureau,* 2000 ND 38, ¶ 18, 606 N
13163	2000-05-25	NW_DIGIT_FLIP	603 N.W.2d 62	603 N.W.2d 52	VERIFIED	ion of fact for the trier of fact. *158 *Stout v. Fisher Industries, Inc.,* 1999 ND 218, ¶ 11, 603 N
13204	2000-07-07	ND_DIGIT_FLIP	1998 ND 158	1998 ND 153	VERIFIED	trict court correctly determined there were no genuine issues of material fact. 1998 ND 158, 583 N.W
13230	2000-08-31	NW_DIGIT_FLIP	690 N.W.2d 454	590 N.W.2d 454	VERIFIED	ole statute. N.D.C.C. §§ 1-02-07 and 1-02-38(2); *Narum v. Faxx Foods, Inc.,* 1999 ND 45, ¶ 18, 690 
13256	2000-12-07	ND_DIGIT_FLIP	1997 ND 86	1997 ND 36	VERIFIED	any doubt about an insurer’s duty to defend in favor of the insured. *Heim,* 1997 ND 86, ¶ 11, 559 N
13261	2000-12-07	NW_DIGIT_FLIP	601 N.W.2d 266	601 N.W.2d 256	VERIFIED	tody, entitling the movant to an evidentiary hearing. *See Quarne v. Quarne,* 1999 ND 188, ¶ 12, 601
18361	2000-12-21	ND_DIGIT_FLIP	2000 ND 215	2000 ND 211	NO_PDF	"-12-21 citations: - ""2000 ND 215"" docket_number: ""20000171"" --- State v. Lee, 2000 ND 215, 622 N.W.2"
13295	2001-01-30	ND_DIGIT_FLIP	1998 ND 88	1998 ND 83	VERIFIED	pouse and of the supporting spouse’s needs and ability to pay. *Young v. Young,*1998 ND 88, ¶ 7, 578
13297	2001-01-30	ND_DIGIT_FLIP	1999 ND 180	1999 ND 130	VERIFIED	ry word, phrase, and sentence in a statute. *Treiber v. Citizens State Bank,* 1999 ND 180, ¶ 17, 598
13301	2001-01-30	ND_DIGIT_FLIP	1999 ND 138	1999 ND 133	VERIFIED	h have been thoroughly briefed and argued. *Midwest Cas. Ins. Co. v. Whitetail,*1999 ND 138, 596 N.W
13310	2001-02-02	ND_DIGIT_FLIP	1998 ND 208	1998 ND 203	VERIFIED	ion such fluctuations were contemplated in the previous modification. *Schmitz,*1998 ND 208, ¶ 10, 5
13331	2001-03-07	ND_DIGIT_FLIP	1999 ND 165	1999 ND 155	VERIFIED	surer continued its investigation. *See Gullickson v. Torkelson Bros., Inc.,* 1999 ND 165, ¶¶6, 10, 
13340	2001-03-20	NW_DIGIT_FLIP	605 N.W.2d 158	605 N.W.2d 153	VERIFIED	uirements for the fair and efficient adjudication of the controversy. *Koch,* 2000 ND 15, ¶10, 605 N
13351	2001-04-12	NW_DIGIT_FLIP	580 N.W.2d 578	580 N.W.2d 573	VERIFIED	nity to observe the candor and demeanor of the witnesses. *In Interest of L.F.,*1998 ND 129, ¶ 12, 5
18382	2001-07-13	ND_DIGIT_FLIP	2000 ND 213	2000 ND 211	PDF_HAS_BAD	n earlier post-judgment order and judgment in Matrix Props. Corp. v. TAG Invs., 2000 ND 213, 622 N.W
13429	2001-08-29	ND_DIGIT_FLIP	1999 ND 86	1999 ND 36	VERIFIED	scretion subject to the abuse of discretion standard. *Buchholz v. Buchholz,* 1999 ND 86, ¶ 11, 590 
13438	2001-08-29	NW_DIGIT_FLIP	613 N.W.2d 603	613 N.W.2d 503	VERIFIED	face of the statute. *N.D. Securities Commissioner v. Juran and Moody, Inc.,* 2000 ND 136, ¶ 6, 613 
13449	2001-10-16	NW_DIGIT_FLIP	634 N.W.2d 627	634 N.W.2d 527	NEITHER	oral argument with *City of West Fargo v. Ross. City of West Fargo v. Ross,* 2001 ND 163, 634 N.W.2d
13520	2002-02-20	NW_DIGIT_FLIP	589 N.W.2d 858	589 N.W.2d 358	VERIFIED	ty is one of law, factual findings are necessary for the determination. *Weber,*1999 ND 11, ¶ 8, 589
13580	2002-05-17	ND_DIGIT_FLIP	2000 ND 213	2000 ND 211	PDF_HAS_BAD	terim, on December 12, 2000, in *Matrix Properties Corp. v. TAG Investments,* 2000 ND 213, 622 N.W.2
13580	2002-05-17	ND_DIGIT_FLIP	2000 ND 213	2000 ND 211	PDF_HAS_BAD	ered conveyance of the land. [¶ 26] TAG misreads a statement in *Matrix II,* 2000 ND 213, ¶ 1, 622 N
13586	2002-06-10	NW_DIGIT_FLIP	568 N.W.2d 400	563 N.W.2d 400	VERIFIED	atka, 2000* ND 210, ¶ 4, 619 N.W.2d 852; *Symington v. Walle Mut. Ins. Co.,* 1997 ND 93, ¶ 5, 568 N.
18416	2002-07-16	ND_DIGIT_FLIP	2000 ND 213	2000 ND 211	PDF_HAS_BAD	tments, 2000 ND 88, 609 N.W.2d 737; Matrix Properties Corp. v. TAG Investments, 2000 ND 213, 622 N.W
13615	2002-08-15	ND_DIGIT_FLIP	2001 ND 161	2001 ND 151	VERIFIED	conceived; and (3) conception took place on Fort Berthold Reservation. *See* 2001 ND 161, ¶¶2, 18, 6
13615	2002-08-15	NW_DIGIT_FLIP	683 N.W.2d 157	633 N.W.2d 157	VERIFIED	is void as a matter of law. *See McKenzie County Social Service Bd. v. C.G.,* 2001 ND 151, ¶ 10, 683
13652	2002-09-20	NW_DIGIT_FLIP	568 N.W.2d 394	563 N.W.2d 394	VERIFIED	d that Antonyio, therefore, had a “clear duty to support.” *Edwards v. Edwards,*1997 ND 94, ¶ 17, 56
13669	2002-11-15	ND_DIGIT_FLIP	2000 ND 213	2000 ND 211	PDF_HAS_BAD	ments, 2001 ND 128, 636 N.W.2d 674; Matrix Properties Corp. v. TAG Investments, 2000 ND 213, 622 N.W
13669	2002-11-15	ND_DIGIT_FLIP	2000 ND 213	2000 ND 211	PDF_HAS_BAD	cting pursuant to this Court's December 12, 2000, opinion in Matrix Properties, 2000 ND 213, 622 N.W
13695	2002-12-20	NW_DIGIT_FLIP	682 N.W.2d 419	632 N.W.2d 419	VERIFIED	icers performing community caretaking functions. *See Lapp v. Dep’t of Transp.,*2001 ND 140, ¶¶ 14-1
13697	2002-12-20	NW_DIGIT_FLIP	608 N.W.2d 896	603 N.W.2d 896	VERIFIED	nd defiant custodial parent. *Anderson**,*at ¶ 10; *Hendrickson v. Hendrickson,*2000 ND 1, ¶ 18, 608
13741	2003-03-05	NW_DIGIT_FLIP	636 N.W.2d 139	635 N.W.2d 139	VERIFIED	’s determination is supported by the record evidence. *McDowell v. McDowell,* 2001 ND 176, ¶23, 636 
13751	2003-03-26	NW_DIGIT_FLIP	571 N.W.2d 382	571 N.W.2d 332	VERIFIED	loyees are acting within the scope of their employment. *Nelson v. Gillette,* 1997 ND 205, ¶ 10, 571
13764	2003-04-15	ND_DIGIT_FLIP	2008 ND 42	2003 ND 42	VERIFIED	compensable medical condition. *See Gronfur v. North Dakota Workers Comp. Fund,*2008 ND 42, ¶¶ 6, 11
13784	2003-04-15	NW_DIGIT_FLIP	638 N.W.2d 142	633 N.W.2d 142	VERIFIED	limited review of child custody awards in divorce cases. *Stoppler v. Stoppler,*2001 ND 148, ¶ 7, 63
13826	2003-07-16	ND_DIGIT_FLIP	2000 ND 183	2000 ND 133	VERIFIED	e entry of judgment. *See*N.D.C.C. § 28-20-35; *see also Ruscheinsky v. Ulrich,*2000 ND 183, ¶ 9, 61
13859	2003-08-20	NW_DIGIT_FLIP	619 N.W.2d 856	619 N.W.2d 855	VERIFIED	fication of custody and entitlement to an evidentiary hearing. *See O’Neill,* 2000 ND 200, ¶ 8, 619 
13863	2003-08-22	ND_DIGIT_FLIP	2008 ND 51	2003 ND 51	VERIFIED	cannot be raised for the first time on appeal. *Questa Res., Inc. v. Stott,* 2008 ND 51, ¶ 6, 658 N.
13864	2003-09-23	ND_DIGIT_FLIP	2000 ND 118	2000 ND 113	VERIFIED	f discretion subject to the abuse of discretion standard of review. *Schiff,* 2000 ND 118, ¶ 31, 611
13895	2003-11-13	ND_DIGIT_FLIP	2008 ND 135	2003 ND 135	VERIFIED	on of visitation into the hands of the child. *See Montgomery v. Montgomery,* 2008 ND 135, ¶ 22, 667
13913	2003-12-02	NW_DIGIT_FLIP	641 N.W.2d 88	641 N.W.2d 83	VERIFIED	issues raised for the first time on appeal. *See Peters-Riemers v. Riemers,* 2002 ND 49, ¶ 9, 641 N.
13994	2004-04-13	NW_DIGIT_FLIP	658 N.W.2d 698	653 N.W.2d 698	VERIFIED	overy of false testimony and other credibility problems. *State v. Skor-ick,* 2002 ND 190, ¶ 9, 658 
13999	2004-04-13	NW_DIGIT_FLIP	608 N.W.2d 282	608 N.W.2d 232	VERIFIED	constitutional right to appeal a state criminal conviction. *State v. Bell,* 2000 ND 58, ¶ 17, 608 N
14016	2004-05-05	ND_DIGIT_FLIP	2008 ND 36	2003 ND 36	VERIFIED	onsistency in the verdicts. *Moran**,* at 78. [¶ 12] In *State v. Jahner,* 2008 ND 36, ¶ 2, 657 N.W.
14035	2004-06-03	NW_DIGIT_FLIP	682 N.W.2d 424	632 N.W.2d 424	VERIFIED	d’s decision, and she cannot now retract or object to the waiver. *See Gale,* 2001 ND 141, ¶ 14, 682
14039	2004-06-03	NW_DIGIT_FLIP	608 N.W.2d 173	603 N.W.2d 173	VERIFIED	umstances when the accused has suffered serious injustice. *State v. Mathre,* 1999 ND 224, ¶ 5, 608 
14055	2004-06-30	NW_DIGIT_FLIP	682 N.W.2d 419	632 N.W.2d 419	VERIFIED	in determining reasonable suspicion. *Lapp v. North Dakota Dep’t of Transp.,* 2001 ND 140, ¶ 13, 682
14059	2004-06-30	NW_DIGIT_FLIP	681 N.W.2d 167	631 N.W.2d 167	VERIFIED	s arguments raised for the first time on appeal. *See, e.g., State v. Kelly,* 2001 ND 135, ¶ 29, 681
14103	2004-09-17	NW_DIGIT_FLIP	680 N.W.2d 46	630 N.W.2d 46	VERIFIED	aim for relief. *Iglehart* *,* at ¶ 10 (quoting *Anderson v. Meyer Broad. Co.,* 2001 ND 125, ¶ 14 , 
14107	2004-10-12	NW_DIGIT_FLIP	678 N.W.2d 615	673 N.W.2d 615	VERIFIED	erred in granting Simonson and Omdahl summary judgment. In *Zuger v. State,* 2004 ND 16, ¶¶ 7-8, 678
14113	2004-10-12	ND_DIGIT_FLIP	2008 ND 180	2003 ND 180	VERIFIED	f there is substantial evidence to warrant a conviction.” *State v. Knowels,* 2008 ND 180, ¶ 6, 671 
14127	2004-11-02	NW_DIGIT_FLIP	674 N.W.2d 402	675 N.W.2d 402	BOTH	from the evidence. *Groleau,* 2004 ND 55, ¶ 5, 676 N.W.2d 763; *Muhammed,* 2004 ND 46, ¶ 8, 674 N.W.
14171	2005-01-19	ND_DIGIT_FLIP	2008 ND 140	2003 ND 140	VERIFIED	ct to an irregularity at trial is a waiver of the issue. *Kautzman v. Kautzman,*2008 ND 140, ¶ 10, 6
14217	2005-02-23	NW_DIGIT_FLIP	680 N.W.2d 236	680 N.W.2d 235	VERIFIED	is in a better position to ascertain the true facts. *See State v. Guthmiller,*2004 ND 100, ¶ 7, 680
14206	2005-03-04	ND_DIGIT_FLIP	1998 ND 85	1998 ND 35	VERIFIED	etion to allow more than thirty days for the State to respond.” *Bell v. State,*1998 ND 85, ¶ 23, 57
14243	2005-05-17	NW_DIGIT_FLIP	638 N.W.2d 142	633 N.W.2d 142	VERIFIED	ial mother, Ryan, nor the noncustodial father, Woods. In *Stoppler v. Stoppler,*2001 ND 148, 638 N.W
14252	2005-06-02	ND_DIGIT_FLIP	2001 ND 208	2001 ND 203	VERIFIED	s, findings, and conclusions *313 of the lower court. *Interest of D.P.,* 2001 ND 208, ¶3, 636 N.W.2
14255	2005-06-02	NW_DIGIT_FLIP	638 N.W.2d 157	633 N.W.2d 157	VERIFIED	heir own laws and to be ruled by them. *McKenzie County Soc. Serv. Bd. v. C.G.,*2001 ND 151, ¶ 15, 6
14381	2005-12-20	ND_DIGIT_FLIP	2008 ND 30	2003 ND 30	VERIFIED	herewith, but may be admissible for some other purpose. *See State v. Anderson,*2008 ND 30, ¶¶ 13-14
14409	2006-01-31	NW_DIGIT_FLIP	705 N.W.2d 880	705 N.W.2d 830	VERIFIED	nd governed by the North Dakota Rules of Civil Procedure. *Johnson v. State,* 2005 ND 188, ¶ 6, 705 
18560	2006-10-17	ND_DIGIT_FLIP	2004 ND 221	2004 ND 222	PDF_HAS_BAD	pealing from the denial of a motion to reverse his conviction); State v. Ernst, 2004 ND 221, ¶ 1, 69
14660	2006-11-28	NW_DIGIT_FLIP	721 N.W.2d 881	721 N.W.2d 381	VERIFIED	cause to search the vehicle. [¶ 8] As we recently explained in *State v. Graf,*2006 ND 196, ¶ 7, 721
18595	2007-02-01	ND_DIGIT_FLIP	2004 ND 221	2004 ND 222	PDF_HAS_BAD	State, 2006 ND 203; State v. Ernst, 2006 ND 41, 710 N.W.2d 678; State v. Ernst, 2004 ND 221, 691 N.W
14722	2007-04-10	ND_DIGIT_FLIP	2002 ND 38	2002 ND 33	VERIFIED	ence, found in N.D.C.C. § 59-01-16, to will contests. *See Estate of Howser,* 2002 ND 38, ¶ 7, 639 N
14813	2007-08-30	NW_DIGIT_FLIP	721 N.W.2d 38	721 N.W.2d 33	VERIFIED	there is coverage for property damage is the scope of the insured’s contract. 2006 ND 187, ¶ 24, 721
14912	2008-02-21	NW_DIGIT_FLIP	689 N.W.2d 473	639 N.W.2d 473	VERIFIED	f such a degree *636 as to pose a threat to others. *Interest of M.B.K.,* 2002 ND 25, ¶ 18, 689 N.W.
14924	2008-03-20	ND_DIGIT_FLIP	2006 ND 168	2006 ND 163	VERIFIED	to understand the factual basis for the court’s decision. *Molitor v. Molitor,*2006 ND 168, ¶ 6, 718
14930	2008-03-24	ND_DIGIT_FLIP	2006 ND 138	2006 ND 133	VERIFIED	tate in order to make an equitable division of property.” *Ulsaker v. White,* 2006 ND 138, ¶ 13, 717
14930	2008-03-24	ND_DIGIT_FLIP	2003 ND 128	2003 ND 123	VERIFIED	s, but it must specify a rationale for its determination. *Bladow v. Bladow,* 2003 ND 128, ¶ 7, 665 
14930	2008-03-24	ND_DIGIT_FLIP	1998 ND 88	1998 ND 83	VERIFIED	Konzak’s argument is misplaced. As this Court explained in *Young v. Young,* 1998 ND 88, ¶ 10, 578 N
14947	2008-03-25	NW_DIGIT_FLIP	650 N.W.2d 818	650 N.W.2d 813	VERIFIED	N.W.2d 547; *New Torn Pub. Sch. Dist. No. 1 v. State Bd. of Pub. Sch. Educ.,* 2002 ND 127, ¶ 17, 650
14949	2008-03-31	ND_DIGIT_FLIP	2006 ND 163	2006 ND 153	VERIFIED	will promote the best interests and welfare of the *89 child.” *Gietzen,* 2006 ND 163, ¶ 7, 718 N.W.
14991	2008-06-05	ND_DIGIT_FLIP	2006 ND 95	2006 ND 93	PDF_HAS_BAD	eal, this Court summarily affirmed Wheeler’s convictions. *State v. Wheeler,* 2006 ND 95, 719 N.W.2d
15033	2008-08-28	NW_DIGIT_FLIP	748 N.W.2d 800	743 N.W.2d 800	VERIFIED	n investigative stop of an automobile. *See City of Grand Forks v. Mitchell,* 2008 ND 5, ¶7, 748 N.W
15034	2008-09-02	ND_DIGIT_FLIP	1997 ND 280	1997 ND 230	VERIFIED	, benefit, claim, privilege, or right.” *Hanson v. Cincinnati Life Ins. Co.,* 1997 ND 280, ¶ 13, 571
15050	2008-09-23	NW_DIGIT_FLIP	787 N.W.2d 627	737 N.W.2d 627	VERIFIED	e review the decision of the agency.” *J.P. v. Stark County Soc. Servs. Bd.,* 2007 ND 140, ¶ 9, 787 
15138	2009-02-03	ND_DIGIT_FLIP	2008 ND 150	2003 ND 150	VERIFIED	h the requirements of the child support guidelines. *Torgerson v. Torgerson,* 2008 ND 150, ¶ 6, 669 
15208	2009-06-17	ND_DIGIT_FLIP	2008 ND 180	2008 ND 130	VERIFIED	ncing evidence.” *R.AS.,*\*7172008 ND 185, ¶ 5, 756 N.W.2d 771 (citing *E.W.F.,*2008 ND 180, ¶ 8, 75
18735	2009-06-17	ND_DIGIT_FLIP	2007 ND 75	2007 ND 55	PDF_HAS_BAD	default judgment is N.D.R.Civ.P. 60(b). Rydell GM Auto Center, Inc. v. Johnson, 2007 ND 75, ¶ 2, 734
18735	2009-06-17	ND_DIGIT_FLIP	2007 ND 75	2007 ND 55	PDF_HAS_BAD	he default judgment. We summarily affirm under N.D.R.App.P. 35.1(a)(7), Rydell, 2007 ND 75, ¶ 2, 734
15223	2009-07-09	ND_DIGIT_FLIP	2008 ND 238	2008 ND 233	VERIFIED	sses, and we will not reweigh the evidence on appeal. *Gus-tafson v. Gustafson,*2008 ND 238, ¶ 11, 7
15257	2009-07-21	NW_DIGIT_FLIP	744 N.W.2d 784	744 N.W.2d 734	VERIFIED	e trash] that society accepts as objectively reasonable.” *State v. Schmalz,* 2008 ND 27, ¶ 22, 744 
15261	2009-08-18	NW_DIGIT_FLIP	747 N.W.2d 468	747 N.W.2d 463	VERIFIED	at he had struck Kurt Obrigew-itch in self-defense. *See State v. Hidanovic,* 2008 ND 66, ¶35, 747 N
15270	2009-08-27	NW_DIGIT_FLIP	745 N.W.2d 862	745 N.W.2d 362	VERIFIED	6(4) warranting an evidentiary hearing. Frueh appealed, and in *Frueh v. Frueh,*2008 ND 26, 745 N.W.
15270	2009-08-27	ND_DIGIT_FLIP	2008 ND 174	2003 ND 174	VERIFIED	ort obligation in deciding whether to modify custody. *Cf McDowell v. McDowell,*2008 ND 174, ¶¶ 12-1
15301	2009-11-30	NW_DIGIT_FLIP	748 N.W.2d 894	748 N.W.2d 394	VERIFIED	n-work risk factors. Swenson relies on *Manske v. Workforce Safety and Ins.,* 2008 ND 79, 748 N.W.2d
15316	2009-12-18	ND_DIGIT_FLIP	2008 ND 109	2003 ND 109	VERIFIED	, 765 N.W.2d 705 (quoting *John T. Jones Constr. Co. v. City of Grand Forks,* 2008 ND 109, ¶ 18, 665
15330	2010-01-12	NW_DIGIT_FLIP	723 N.W.2d 584	723 N.W.2d 534	VERIFIED	in an arbitrary, unreasonable, or unconscionable manner. *State v. Buchholz,* 2006 ND 227, ¶ 7, 723 
15330	2010-01-12	ND_DIGIT_FLIP	2008 ND 30	2003 ND 30	VERIFIED	l situations where the defendant has suffered serious injustice.” *Anderson,* 2008 ND 30, ¶ 8, 657 N
15338	2010-01-26	ND_DIGIT_FLIP	2009 ND 85	2009 ND 35	VERIFIED	bject to the abuse of discretion standard of review.’ ” *Verhey v. McKenzie,* 2009 ND 85, ¶ 5, 763 N
15401	2010-04-06	NW_DIGIT_FLIP	593 N.W.2d 895	593 N.W.2d 395	VERIFIED	interpreted N.D. Admin. Code § 75-02-04.1-02(11) in *Tibor v. Ben-*\*710*drick,*1999 ND 92, 593 N.W.
15403	2010-04-08	NW_DIGIT_FLIP	676 N.W.2d 768	676 N.W.2d 763	VERIFIED	injury, and the burden of avoiding the risk. *See Groleau v. Bjornson Oil Co.,*2004 ND 55, ¶ 16, 676
15417	2010-05-11	ND_DIGIT_FLIP	2009 ND 187	2009 ND 137	VERIFIED	atute first to determine the legislature’s intent. *Matrix Properties Corp.,* 2009 ND 187, ¶ 8, 770 
15439	2010-06-10	NW_DIGIT_FLIP	747 N.W.2d 98	747 N.W.2d 93	VERIFIED	is herewith vacated to that extent. As mandated by *Lynnes v. Lynnes,* [ 2008 ND 71 , 747 N.W.2d 98 
15463	2010-07-13	ND_DIGIT_FLIP	2008 ND 151	2003 ND 151	VERIFIED	on *232 stitutional law, limiting the right. *Id. See also In re Z.C.B.,* 2008 ND 151, ¶15, 669 N.W.
15472	2010-07-13	NW_DIGIT_FLIP	768 N.W.2d 462	763 N.W.2d 462	VERIFIED	einle v. Heinle,*2010 ND 5, ¶ 36, 777 N.W.2d 590; *State ex rel. K.B. v. Bauer,*2009 ND 45, ¶ 8, 768
15546	2010-12-02	NW_DIGIT_FLIP	728 N.W.2d 676	723 N.W.2d 676	VERIFIED	the credibility of witnesses and resolve conflicts in the evidence. *Tverberg,*2006 ND 229, ¶ 8, 728
15546	2010-12-02	NW_DIGIT_FLIP	658 N.W.2d 705	653 N.W.2d 705	VERIFIED	149, ¶ 24, 738 N.W.2d 892 (citing *Myhre v. North Dakota Workers Comp. Bureau,*2002 ND 186, ¶ 10, 65
15599	2011-03-22	NW_DIGIT_FLIP	788 N.W.2d 262	783 N.W.2d 262	VERIFIED	resent value or there are insufficient assets for a present division. *Paulson,*2010 ND 100, ¶ 19, 7
15607	2011-03-22	NW_DIGIT_FLIP	784 N.W.2d 148	784 N.W.2d 143	VERIFIED	ts which, if believed, could lead to a verdict of not guilty. *State v. Wanner,*2010 ND 121, ¶ 9, 78
15607	2011-03-22	NW_DIGIT_FLIP	776 N.W.2d 87	776 N.W.2d 37	VERIFIED	ty. *State v. Wanner,*2010 ND 121, ¶ 9, 784 N.W.2d 148 (quoting *State v. Dahl,*2009 ND 204, ¶ 6, 77
15611	2011-03-25	ND_DIGIT_FLIP	2007 ND 187	2007 ND 137	VERIFIED	ecessarily implied from an express statutory grant.’ ” *City of Fargo v. Malme,*2007 ND 187, ¶ 9, 73
15616	2011-04-12	NW_DIGIT_FLIP	678 N.W.2d 622	673 N.W.2d 622	VERIFIED	ibility. *See Green v. Green,*2009 ND 162, ¶ 13, 772 N.W.2d 612; *Tank v. Tank,*2004 ND 15, ¶ 12, 67
15638	2011-06-21	NW_DIGIT_FLIP	784 N.W.2d 148	784 N.W.2d 143	VERIFIED	tly allowing a witness to testify, “[the movant] must show prejudice.” *Wanner,*2010 ND 121, ¶ 17, 7
15644	2011-06-21	ND_DIGIT_FLIP	2008 ND 119	2008 ND 118	PDF_HAS_BAD	appeal had been filed and briefed by another attorney. *See State v. Schmeets,*2008 ND 119, 756 N.W.
15659	2011-06-21	NW_DIGIT_FLIP	784 N.W.2d 187	784 N.W.2d 137	VERIFIED	State’s right to an appeal is strictly limited \*69 by statute. *State v. Emil,*2010 ND 117, ¶ 5, 78
15707	2011-08-18	NW_DIGIT_FLIP	652 N.W.2d 860	652 N.W.2d 360	VERIFIED	efinite and firm conviction that a mistake has been made.” *Quamme v. Bellino,* 2002 ND 159, ¶ 14 , 
15719	2011-09-15	NW_DIGIT_FLIP	768 N.W.2d 761	763 N.W.2d 761	VERIFIED	practice of a “reasonable person,” of the proscribed conduct. *See Holbach,* 2009 ND 37, ¶ 24, 768 N
15730	2011-10-18	ND_DIGIT_FLIP	2008 ND 284	2008 ND 234	VERIFIED	. The petitioner bears the heavy burden of overcoming this presumption. *Clark,*2008 ND 284, ¶ 12, 7
15744	2011-11-15	ND_DIGIT_FLIP	1998 ND 187	1998 ND 137	VERIFIED	ence on an\*605 other charge, not when he is being held on the pending charge.” 1998 ND 187, ¶ 20, 5
15789	2011-11-15	NW_DIGIT_FLIP	791 N.W.2d 38	791 N.W.2d 33	VERIFIED	w which we review de novo on the entire record. *Missouri Breaks, LLC v. Burns,*2010 ND 221, ¶ 8, 79
15760	2011-12-15	ND_DIGIT_FLIP	2011 ND 88	2011 ND 38	VERIFIED	, 2011 ND 68, ¶19, 795 N.W.2d 899 (quoting Brown v. Montana-Dakota Utils., Co., 2011 ND 88, ¶8, 794 
15760	2011-12-15	ND_DIGIT_FLIP	2008 ND 44	2003 ND 44	VERIFIED	"ng harm to other employees or third persons."" Koehler v. County of Grand Forks, 2008 ND 44, ¶28, 658"
15762	2011-12-22	NW_DIGIT_FLIP	681 N.W.2d 595	631 N.W.2d 595	VERIFIED	"lity offenses and the constitutional interests of the accused."" State v. Holte, 2001 ND 133, ¶11, 68"
15795	2012-02-17	NW_DIGIT_FLIP	784 N.W.2d 148	784 N.W.2d 143	VERIFIED	*State v. Buckley,*2010 ND 248, ¶ 7, 792 N.W.2d 518 (quoting *State v. Wanner,*2010 ND 121, ¶ 9, 784
15807	2012-02-17	NW_DIGIT_FLIP	788 N.W.2d 633	783 N.W.2d 633	VERIFIED	ay be modified at any time before the final order. *See Martinson v. Martinson,*2010 ND 110, ¶ 19, 7
15817	2012-03-15	NW_DIGIT_FLIP	602 N.W.2d 698	602 N.W.2d 693	VERIFIED	ng an ordinary person could get from reading the section.” *State v. Velasquez,*1999 ND 217, ¶ 4, 60
15819	2012-03-15	NW_DIGIT_FLIP	808 N.W.2d 578	803 N.W.2d 578	VERIFIED	inder could have found the defendant guilty beyond a reasonable doubt. *Vondal,*2011 ND 186, ¶ 22, 8
15824	2012-04-03	ND_DIGIT_FLIP	2002 ND 58	2002 ND 53	VERIFIED	large — must have an interest or right that may be affected.” *Kelsh v. Jaeger,*2002 ND 58, ¶ 2, 641
15825	2012-04-10	NW_DIGIT_FLIP	722 N.W.2d 859	722 N.W.2d 359	VERIFIED	voided for reasons already recorded. *See Sandberg v. American Family Ins. Co.,*2006 ND 198, ¶¶ 19-2
15829	2012-04-10	ND_DIGIT_FLIP	2011 ND 166	2011 ND 160	PDF_HAS_BAD	of review, we do not reweigh evidence or reassess witness credibility. *Miller,*2011 ND 166, ¶ 12, 8
15837	2012-05-03	ND_DIGIT_FLIP	2000 ND 188	2000 ND 183	VERIFIED	ty of the child’s relationship with the custodial parent.” *Anderson v. Resler,*2000 ND 188, ¶ 11, 6
15846	2012-05-04	NW_DIGIT_FLIP	680 N.W.2d 684	680 N.W.2d 634	VERIFIED	of the rights of the owner.” *Ritter, Laber &*Assocs., *Inc. v. Koch Oil, Inc.,*2004 ND 117, ¶ 11, 6
15865	2012-07-12	ND_DIGIT_FLIP	2012 ND 128	2012 ND 123	VERIFIED	, and we are concerned here only with the constitutionality” of those statutes. 2012 ND 128, ¶ 40, 8
15866	2012-07-12	NW_DIGIT_FLIP	682 N.W.2d 815	632 N.W.2d 815	VERIFIED	esolving issues involving reasonableness standards.” *Doan v. City of Bismarck,*2001 ND 152, ¶ 26, 6
15874	2012-07-12	ND_DIGIT_FLIP	2003 ND 181	2003 ND 131	VERIFIED	e for \*760 purposes of making an initial child custody determination. *Benson,*2003 ND 181, ¶ 8, 66
15880	2012-07-12	ND_DIGIT_FLIP	2009 ND 38	2009 ND 33	VERIFIED	11 ND 69, ¶ 4, 795 N.W.2d 712 (quoting *Bragg v. Burlington Res. Oil & Gas Co.,*2009 ND 38, ¶ 5, 763
18862	2012-07-12	ND_DIGIT_FLIP	2011 ND 16	2011 ND 13	PDF_HAS_BAD	marily dismissed. This Court affirmed the dismissal on appeal. Foreid v. State, 2011 ND 16, 798 N.W.
15885	2012-07-26	NW_DIGIT_FLIP	812 N.W.2d 888	812 N.W.2d 388	VERIFIED	court was not required to accept Knudson’s testimony. *See Estate of Clemetson,*2012 ND 28, ¶ 19, 81
15888	2012-07-26	NW_DIGIT_FLIP	799 N.W.2d 860	799 N.W.2d 360	VERIFIED	ility is a probability sufficient to undermine confidence in the outcome.... ” 2011 ND 126, ¶ 8, 799
15907	2012-08-16	NW_DIGIT_FLIP	588 N.W.2d 621	583 N.W.2d 621	VERIFIED	¶ 30] I was part of the majority in *Geck v. North Dakota Workers Comp. Bureau,*1998 ND 158, 588 N.W
15890	2012-08-20	NW_DIGIT_FLIP	758 N.W.2d 785	758 N.W.2d 735	VERIFIED	ction and orders enumerated by statute are appeal-able.” *Brummund v. Brummund,*2008 ND 224, ¶ 5, 75
15921	2012-08-30	ND_DIGIT_FLIP	2008 ND 84	2008 ND 34	VERIFIED	People to Save the Sheyenne Riv*\*717*er, Inc. v. North Dakota Dep’t of Health,*2008 ND 84, ¶ 15, 74
15921	2012-08-30	NW_DIGIT_FLIP	684 N.W.2d 506	634 N.W.2d 506	VERIFIED	U.S.C. § 2011; 7 C.F.R. § 271.1(a); *see Schmidt v. Ward Cnty. Soc. Servs. Bd.,*2001 ND 169, ¶ 18, 6
15940	2012-10-23	NW_DIGIT_FLIP	681 N.W.2d 564	631 N.W.2d 564	VERIFIED	evelopment may be endangered in the present environment. *Selzler v. Selzler,* 2001 ND 138, ¶ 21 , 6
15946	2012-10-23	NW_DIGIT_FLIP	776 N.W.2d 548	776 N.W.2d 543	VERIFIED	ge, right, privilege, claim, or benefit. *First Int’l Bank & Trust v. Peterson,*2009 ND 207, ¶ 13, 7
15948	2012-10-23	NW_DIGIT_FLIP	599 N.W.3d 323	599 N.W.2d 323	BOTH	s job options in light of the worker’s restrictions and limitations. *Svedberg,*1999 ND 181, ¶ 15, 5
15949	2012-10-23	ND_DIGIT_FLIP	2008 ND 174	2003 ND 174	VERIFIED	Brandner v. Brandner,*2005 ND 111, ¶ 21, 698 N.W.2d 259; *McDowell v. McDowell,*2008 ND 174, ¶ 27, 6
18883	2012-10-23	ND_DIGIT_FLIP	2011 ND 199	2011 ND 198	PDF_HAS_BAD	N.W.2d 760; Holkesvig v. Welte, 2012 ND 14, 809 N.W.2d 323; Holkesvig v. Moore, 2011 ND 199, 806 N.W
15953	2012-11-27	NW_DIGIT_FLIP	771 N.W.2d 598	771 N.W.2d 593	VERIFIED	his appeal, which precludes this Court’s review on appeal. *See Frueh v. Frueh,*2009 ND 155, ¶ 20, 7
15955	2012-11-27	ND_DIGIT_FLIP	2008 ND 71	2003 ND 71	VERIFIED	ry disposition is entitled to judgment as a matter of law. *Vandeberg v. State,*2008 ND 71, ¶ 5, 660
15964	2012-11-28	ND_DIGIT_FLIP	2009 ND 128	2009 ND 123	VERIFIED	sustain a conviction of the offenses charged.’ ” *Id.* (quoting *State v. Maki,*2009 ND 128, ¶ 7, 76
15965	2012-11-30	NW_DIGIT_FLIP	705 N.W.2d 886	705 N.W.2d 836	VERIFIED	Brodell,*2008 ND 183, ¶ 12, 756 \*252 N.W.2d 779 (citing *Wetzel v. Schlenvogt,*2005 ND 190, ¶ 26, 7
15967	2012-12-18	NW_DIGIT_FLIP	788 N.W.2d 828	788 N.W.2d 328	VERIFIED	r from rebutting the paternity presumption. *Id.; see also Interests of S.L.W.,*2010 ND 172, ¶ 8, 78
15968	2012-12-18	ND_DIGIT_FLIP	2012 ND 183	2012 ND 133	VERIFIED	al violence is of such a degree as to pose a threat to others.’ ” *In re Rubey,*2012 ND 183, ¶ 8, 81
18955	2013-01-23	ND_DIGIT_FLIP	2011 ND 199	2011 ND 198	PDF_HAS_BAD	summarily affirm under N.D.R.App.P. 35.1(a)(1) and (7). See Holkesvig v. Moore, 2011 ND 199, 806 N.W
15998	2013-02-26	ND_DIGIT_FLIP	2011 ND 73	2011 ND 83	PDF_HAS_BAD	supported his continued commitment, and we summarily affirmed. *Matter of J.G.,*2011 ND 73, ¶ 1, 799
16045	2013-04-08	ND_DIGIT_FLIP	2011 ND 83	2011 ND 33	VERIFIED	rsion of N.D.C.C. ch. 38-18.1 applies to this case. *See Sorenson v. Felton,* 2011 ND 83, ¶ 9, 793 N
16037	2013-05-14	NW_DIGIT_FLIP	828 N.W.2d 482	823 N.W.2d 482	VERIFIED	rent who will better promote the child’s best interests. *Hammeren v. Hammeren,*2012 ND 225, ¶ 6, 82
16039	2013-05-14	NW_DIGIT_FLIP	637 N.W.2d 869	637 N.W.2d 369	VERIFIED	instruction standing alone may be insufficient or erroneous.” *State v. Barth,*2001 ND 201, ¶ 12, 63
16039	2013-05-14	ND_DIGIT_FLIP	2009 ND 128	2009 ND 123	VERIFIED	sustain a conviction of the offenses charged.’” *Id.* (quoting *State v. Maki,* 2009 ND 128, ¶ 7 , 7
16040	2013-05-14	NW_DIGIT_FLIP	784 N.W.2d 778	734 N.W.2d 778	VERIFIED	f care of all medical professionals, the record shows differently. *See Scheer,*2007 ND 104, ¶ 18, 7
16043	2013-05-14	NW_DIGIT_FLIP	768 N.W.2d 748	763 N.W.2d 748	VERIFIED	been established is a question of fact.” *Aasmundstad v. State of North Dakota,*2008 ND 206, ¶ 19, 7
16062	2013-06-19	NW_DIGIT_FLIP	728 N.W.2d 389	723 N.W.2d 389	VERIFIED	l other elements of description in the deed are ambiguous or uncertain.” *Hild,*2006 ND 217, ¶ 16, 7
16064	2013-06-19	NW_DIGIT_FLIP	691 N.W.2d 283	691 N.W.2d 233	VERIFIED	State v. Torkelsen,*2008 ND 141, ¶ 32, 752 N.W.2d 640 (citing *State v. Fields,*2005 ND 15, ¶ 9, 691
16070	2013-07-18	ND_DIGIT_FLIP	2008 ND 187	2003 ND 187	VERIFIED	ch a magistrate can determine their reliability.” He cites *State v. Dodson,* 2008 ND 187, ¶ 14, 671
16071	2013-07-18	ND_DIGIT_FLIP	2018 ND 70	2013 ND 70	VERIFIED	or for relief from a judgment under N.D.R.Civ.P. 60(b). *Waslaski v. State,* 2018 ND 70, ¶ 7, 830 N.
16098	2013-08-29	NW_DIGIT_FLIP	809 N.W.2d 381	809 N.W.2d 331	VERIFIED	t was unknown at the time of the prior custody decision. *Thompson v. Thompson,*2012 ND 15, ¶ 6, 809
16101	2013-08-29	ND_DIGIT_FLIP	2002 ND 96	2002 ND 95	VERIFIED	statute is a question of law, fully reviewable by this Court.” *State v. Laib,*2002 ND 96, ¶ 13, 644
16101	2013-08-29	NW_DIGIT_FLIP	708 N.W.2d 918	708 N.W.2d 913	VERIFIED	eviation from an applicable legal rule under current law.’ ” *State v. Bertram,*2006 ND 10, ¶17, 708
16112	2013-09-06	NW_DIGIT_FLIP	717 N.W.2d 153	715 N.W.2d 153	VERIFIED	missory estoppel doctrine because an essential element of the claim is missing. 2006 ND 121, ¶ 18, 7
16116	2013-09-25	NW_DIGIT_FLIP	885 N.W.2d 819	835 N.W.2d 819	NEITHER	ent on their face” to justify a modification, even if uncontradict-ed. *Jensen,*2013 ND 144, ¶ 13, 8
16118	2013-09-25	ND_DIGIT_FLIP	2011 ND 195	2011 ND 198	PDF_HAS_BAD	e, under the law of the case doctrine this Court’s decision in State v. Baatz, 2011 ND 195, ¶ 2, 806
16118	2013-09-25	ND_DIGIT_FLIP	2011 ND 195	2011 ND 198	PDF_HAS_BAD	llowing Baatz to file an untimely appeal from the criminal judgment. In Baatz, 2011 ND 195, ¶¶ 1- 3,
16118	2013-09-25	ND_DIGIT_FLIP	2011 ND 195	2011 ND 198	PDF_HAS_BAD	l and ineffective assistance of counsel in postconviction proceedings.” Baatz, 2011 ND 195, ¶ 2, 806
16118	2013-09-25	ND_DIGIT_FLIP	2011 ND 195	2011 ND 198	PDF_HAS_BAD	instructions become “the law of the case whether right or wrong”). In Baatz, 2011 ND 195, ¶ 2, 806 N
16125	2013-10-22	NW_DIGIT_FLIP	799 N.W.2d 832	799 N.W.2d 332	VERIFIED	s probable cause to believe the juvenile committed the offense.... *In re R.A.,*2011 ND 119, ¶ 6, 79
16126	2013-10-22	NW_DIGIT_FLIP	681 N.W.2d 159	631 N.W.2d 159	VERIFIED	stitutional issues, generally will not be addressed on appeal.” *In re R.O.,* 2001 ND 137, ¶ 19, 681
16131	2013-10-22	NW_DIGIT_FLIP	826 N.W.2d 308	826 N.W.2d 303	VERIFIED	to understand the basis for the district court’s decision. *Sateren v. Sateren,*2013 ND 12, ¶ 16, 82
16134	2013-10-22	ND_DIGIT_FLIP	2012 ND 191	2012 ND 196	PDF_HAS_BAD	petition for discharge, and this Court affirmed on appeal. *See In re Hehn,* 2012 ND 191, 821 N.W.2d
16136	2013-10-30	NW_DIGIT_FLIP	880 N.W.2d 586	830 N.W.2d 586	VERIFIED	fficient to sustain a conviction of the offenses charged.” *State v. Romero,* 2013 ND 77, ¶ 24, 880 
16191	2014-01-14	ND_DIGIT_FLIP	2018 ND 48	2013 ND 48	VERIFIED	erally supports an equal division of all marital assets. *Hoverson v. Hoverson,*2018 ND 48, ¶¶ 8-10,
16198	2014-01-17	ND_DIGIT_FLIP	2000 ND 208	2000 ND 203	VERIFIED	he change should make a greater sacrifice than her children. *Logan v. Bush,* 2000 ND 208, ¶ 15, 621
16200	2014-01-28	NW_DIGIT_FLIP	689 N.W.2d 690	639 N.W.2d 690	VERIFIED	tion of a defendant who is not competent to stand trial. *State v. Roberson,* 2002 ND 24, ¶ 12, 689 
16232	2014-03-14	ND_DIGIT_FLIP	2012 ND 128	2012 ND 123	VERIFIED	ent funds to the proper recipients in accordance with N.D.C.C. § 40-58-20(10).” 2012 ND 128, ¶¶ 62-6
16233	2014-03-20	ND_DIGIT_FLIP	1997 ND 228	1997 ND 223	VERIFIED	n administrative proceeding. *Cridland v. North Dakota Workers Comp. Bureau,* 1997 ND 228, ¶ 18, 571
16236	2014-04-03	ND_DIGIT_FLIP	2011 ND 199	2011 ND 198	PDF_HAS_BAD	60; *Holkesvig v. Welte,* 2012 ND 14, 809 N.W.2d 323; *Holkesvig v. Moore,* 2011 ND 199, 806 N.W.2d 
16236	2014-04-03	NW_DIGIT_FLIP	798 N.W.2d 371	793 N.W.2d 371	VERIFIED	ercise of the circuit court’s power to enforce its judgment.” *564 *Herzig,* 2011 ND 7, ¶¶6-7, 798 N
16260	2014-04-03	NW_DIGIT_FLIP	567 N.W.2d 836	567 N.W.2d 336	VERIFIED	e that would justify executing the warrant at nighttime. *Cf. State v. Herrick,*1997 ND 155, ¶ 17, 5
16260	2014-04-03	NW_DIGIT_FLIP	691 N.W.2d 283	691 N.W.2d 233	VERIFIED	constitute greater intrusions on privacy than do daytime searches.’ ” *Fields,*2005 ND 15, ¶ 9, 691 
16256	2014-04-29	ND_DIGIT_FLIP	2014 ND 81	2014 ND 31	VERIFIED	ert witnesses and the weight given to their testimony. *Matter of Mangelsen,* 2014 ND 81, ¶ 8, 843 N
16257	2014-04-29	ND_DIGIT_FLIP	2010 ND 168	2010 ND 163	VERIFIED	nality disorder, or other mental disorder or dysfunction.” *See Matter of A.M.,*2010 ND 168, ¶¶13, 1
16257	2014-04-29	NW_DIGIT_FLIP	848 N.W.2d 8	843 N.W.2d 8	VERIFIED	t testimony in sexually dangerous individual proceedings. *Matter of Mangelsen,*2014 ND 31, ¶ 8, 848
16259	2014-04-29	NW_DIGIT_FLIP	809 N.W.2d 828	809 N.W.2d 328	VERIFIED	urage piecemeal appeals of multi-claim litigation. *Estate of Hollingsworth,* 2012 ND 16, ¶ 9, 809 N
16261	2014-04-29	NW_DIGIT_FLIP	789 N.W.2d 728	789 N.W.2d 723	VERIFIED	*may* be sought through a motion. N.D.C.C. § 14-09-05.1(4); *R.F. v. M.M.,* 2010 ND 195, ¶ 18, 789 N
16264	2014-05-01	ND_DIGIT_FLIP	2018 ND 155	2013 ND 155	VERIFIED	within a recognized exception to the warrant requirement. *State v. Nickel,* 2018 ND 155, ¶ 22, 836 
16265	2014-05-02	ND_DIGIT_FLIP	2018 ND 46	2013 ND 46	VERIFIED	would generally be tried to the court. *E.g., Hayden v. Medcenter One, Inc.,* 2018 ND 46, ¶¶ 14, 22,
16272	2014-05-28	ND_DIGIT_FLIP	2013 ND 108	2013 ND 103	VERIFIED	ity if there are persuasive reasons for that preference.” *Miller v. Miller,* 2013 ND 108, ¶ 6, 832 
16273	2014-05-28	NW_DIGIT_FLIP	795 N.W.2d 818	795 N.W.2d 318	VERIFIED	sions to give meaning to each *729 provision if possible. *Lund v. Lund,* 2011 ND 53, ¶ 9, 795 N.W.2
16280	2014-06-04	NW_DIGIT_FLIP	681 N.W.2d 564	631 N.W.2d 564	VERIFIED	o the conduct of a trial will not be set aside on appeal.” *Selzler v. Selzler,*2001 ND 138, ¶ 10, 6
16283	2014-06-24	NW_DIGIT_FLIP	848 N.W.2d 305	843 N.W.2d 305	VERIFIED	to the hearing officer to judge the credibility of the witnesses. *Potratz,* 2014 ND 48, ¶ 7, 848 N.
16288	2014-06-24	ND_DIGIT_FLIP	2011 ND 58	2011 ND 53	VERIFIED	ts and homestead rights and was not a legitimate transaction. *Lund v. Lund,* 2011 ND 58, ¶¶ 1, 18-1
16288	2014-06-24	NW_DIGIT_FLIP	709 N.W.2d 738	709 N.W.2d 733	VERIFIED	tion a mistake has been made. *Edward H. Schwartz Constr., Inc. v. Driessen,* 2006 ND 15, ¶ 6, 709 N
16288	2014-06-24	NW_DIGIT_FLIP	818 N.W.2d 531	813 N.W.2d 531	VERIFIED	*Lord & Stevens,* 2008 ND 189, ¶ 9, 756 N.W.2d 789. In *Erickson v. Brown,* 2012 ND 43, ¶ 25, 818 N.
16291	2014-06-24	ND_DIGIT_FLIP	2014 ND 18	2014 ND 13	VERIFIED	are evidence the district court may consider in deciding the motion. *Schwalk,*2014 ND 18, ¶ 12, 841
16291	2014-06-24	ND_DIGIT_FLIP	2000 ND 208	2000 ND 203	VERIFIED	me, but also takes into account the obligor’s earning capacity. *Logan v. Bush,*2000 ND 208, ¶ 9, 62
16301	2014-07-17	ND_DIGIT_FLIP	2018 ND 54	2013 ND 54	VERIFIED	ror constitutes obvious error affecting substantial rights.” *State v. Doppler,*2018 ND 54, ¶ 14, 82
16306	2014-07-17	ND_DIGIT_FLIP	2011 ND 195	2011 ND 198	PDF_HAS_BAD	ile an untimely appeal from the criminal judgment. In *[State* v.] *Baatz,* 2011 ND 195, ¶¶ 1-3 , 80
16306	2014-07-17	ND_DIGIT_FLIP	2004 ND 198	2004 ND 193	VERIFIED	ase, including the background, the experience, and the conduct of the accused. 2004 ND 198, ¶¶ 8-9, 
16307	2014-07-17	NW_DIGIT_FLIP	828 N.W.2d 257	823 N.W.2d 257	VERIFIED	on plan present a realistic opportunity for substantial gainful employment.... 2012 ND 217, ¶¶ 8-9, 
16311	2014-07-17	ND_DIGIT_FLIP	2008 ND 174	2003 ND 174	VERIFIED	rdless of their gender, belong with their mother. *See McDowell v. McDowell,* 2008 ND 174, ¶ 19, 670
16311	2014-07-17	ND_DIGIT_FLIP	2006 ND 286	2006 ND 236	VERIFIED	ing time decisions regardless of the age of the child. *See Klein v. Larson,* 2006 ND 286, ¶ 7, 724 
16332	2014-07-17	ND_DIGIT_FLIP	1999 ND 89	1999 ND 39	VERIFIED	ood Props. Ltd. P’ship,* 2007 ND 181, ¶ 10, 741 N.W.2d 461; *Burlington N.,* 1999 ND 89, ¶ 12, 590 N
16333	2014-07-17	ND_DIGIT_FLIP	2012 ND 168	2012 ND 163	VERIFIED	ational mental process leading to a reasoned determination. *Schulte v. Kramer,*2012 ND 168, ¶ 34, 8
16337	2014-07-31	NW_DIGIT_FLIP	780 N.W.2d 597	730 N.W.2d 597	VERIFIED	or when it misinterprets or misapplies the law. *Gisvold v. Windbreak, Inc.,* 2007 ND 54, ¶ 5, 780 N
16337	2014-07-31	ND_DIGIT_FLIP	2008 ND 14	2003 ND 14	VERIFIED	ether it is perverse and clearly contrary to the evidence. *Id.* *Rittenour,* 2008 ND 14, ¶ 40, 656 
16342	2014-08-28	ND_DIGIT_FLIP	2005 ND 68	2005 ND 63	VERIFIED	self-evident that admissibility is the only proper choice.” *State v. Krull,* 2005 ND 68, ¶ 9, 693 N
16352	2014-09-23	NW_DIGIT_FLIP	801 N.W.2d 728	801 N.W.2d 723	VERIFIED	m the subsequently entered criminal judgment. *See, e.g., State v. Pederson,* 2011 ND 155, ¶ 7, 801 
16352	2014-09-23	ND_DIGIT_FLIP	2004 ND 189	2004 ND 139	VERIFIED	, State v. Pederson,* 2011 ND 155, ¶ 7, 801 N.W.2d 728, *State v. Decoteau,* 2004 ND 189, ¶ 7, 681 N
16358	2014-10-28	ND_DIGIT_FLIP	2018 ND 130	2013 ND 130	VERIFIED	e harmless error.” 2008 ND 200, ¶ 8, 757 N.W.2d 556; *see State v. Dieterle,* 2018 ND 130, ¶ 13, 833
16362	2014-10-28	NW_DIGIT_FLIP	648 N.W.2d 699	643 N.W.2d 699	VERIFIED	e minimum standards of care which the community will tolerate.” *In re J.R.,* 2002 ND 78, ¶ 9, 648 N
16362	2014-10-28	ND_DIGIT_FLIP	2009 ND 63	2009 ND 53	VERIFIED	ing as the juvenile court must review the record de novo. *Interest of B.F.,* 2009 ND 63, ¶ 12, 764 
16363	2014-10-28	NW_DIGIT_FLIP	689 N.W.2d 478	639 N.W.2d 478	VERIFIED	t’s findings of fact in suppression matters. Id.” *City of Jamestown v. Jerome,*2002 ND 34, ¶ 6, 689
16365	2014-10-31	ND_DIGIT_FLIP	2018 ND 196	2013 ND 196	VERIFIED	e evidence or reassess the witnesses’ credibility. *Danuser v. IDA Mktg. Corp.,*2018 ND 196, ¶ 31, 8
16368	2014-11-12	ND_DIGIT_FLIP	2018 ND 58	2013 ND 58	VERIFIED	the marriage, and such other matters as may be material. *Woodward v. Woodward,*2018 ND 58, ¶ 4, 830
16372	2014-12-18	ND_DIGIT_FLIP	2008 ND 198	2003 ND 198	VERIFIED	or violated material terms of the written lease agreement. [¶ 16] In *VND,* 2008 ND 198, ¶¶ 14-52, 6
16379	2014-12-18	ND_DIGIT_FLIP	2014 ND 84	2014 ND 34	VERIFIED	Weflen,* 2014 ND 201, ¶ 7, 855 N.W.2d 637 (quoting *Anderson v. Zimbelman,* 2014 ND 84, ¶ 7, 842 N.W
16385	2014-12-18	NW_DIGIT_FLIP	828 N.W.2d 774	823 N.W.2d 774	VERIFIED	ourt has an opportunity to intelligently rule on it.” *State v. Tresenriter,* 2012 ND 240, ¶ 9, 828 
16385	2014-12-18	ND_DIGIT_FLIP	2007 ND 182	2007 ND 132	VERIFIED	ld have been different' if the evidence had been disclosed. *State v. Muhle,* 2007 ND 182, ¶ 25, 737
16386	2014-12-18	NW_DIGIT_FLIP	809 N.W.2d 308	809 N.W.2d 303	VERIFIED	nd therefore is a strict liability offense. *See, e.g., State v. Mittleider,* 2011 ND 242, ¶ 8, 809 
16390	2014-12-18	ND_DIGIT_FLIP	2013 ND 80	2013 ND 30	VERIFIED	¶ 2] This case stems from, and raises similar issues to, *Riemers v. Jaeger,* 2013 ND 80, 827 N.W.2d
16391	2015-01-12	NW_DIGIT_FLIP	729 N.W.2d 182	729 N.W.2d 132	VERIFIED	9 Fourth Amendment of the United States Constitution. *See State v. Olson,* 2007 ND 40, ¶ 9, 729 N.W
16392	2015-01-15	NW_DIGIT_FLIP	747 N.W.2d 98	747 N.W.2d 93	VERIFIED	evidence presented and the needs of Darlene Mertz. ' *See Lynnes v. Lynnes,* 2008 ND 71, ¶ 16, 747 N
16392	2015-01-15	ND_DIGIT_FLIP	2008 ND 29	2003 ND 29	VERIFIED	g an equitable allocation of the responsibility for repayment.” *Neidviecky,* 2008 ND 29, ¶ 11, 657 
16394	2015-01-15	ND_DIGIT_FLIP	2013 ND 87	2013 ND 37	VERIFIED	al mental process leading to a reasoned determination.” *Hanisch v. Kroshus,* 2013 ND 87, ¶ 9, 827 N
16395	2015-01-15	NW_DIGIT_FLIP	848 N.W.2d 282	843 N.W.2d 282	VERIFIED	tute our judgment for that of the agency.” *Fossum v. N.D. Dep’t of Transp.,* 2014 ND 47, ¶ 9, 848 N
16413	2015-02-12	ND_DIGIT_FLIP	2018 ND 48	2013 ND 48	VERIFIED	nclude the court’s *394 spousal support award is not clearly erroneous.” 2018 ND 48, ¶¶ 16-18, 828 N
16414	2015-02-12	NW_DIGIT_FLIP	786 N.W.2d 738	786 N.W.2d 733	VERIFIED	l responsibility is necessary to serve the child’s best interests. *Lechler,* 2010 ND 158, ¶ 9, 786 
16439	2015-03-24	ND_DIGIT_FLIP	2003 ND 80	2003 ND 30	VERIFIED	object at trial, Steen failed to preserve this issue for review. *Anderson,* 2003 ND 80, ¶ 6, 657 N.
16442	2015-03-24	NW_DIGIT_FLIP	730 N.W.2d 838	730 N.W.2d 833	VERIFIED	be reversed on appeal unless it is clearly erroneous.” *Gilbert v. Gilbert,* 2007 ND 66, ¶ 6, 730 N.
16443	2015-03-24	NW_DIGIT_FLIP	768 N.W.2d 502	763 N.W.2d 502	VERIFIED	district court is afforded wide discretion in sentencing.” *State v. Henes,* 2009 ND 42, ¶ 6, 768 N.
16443	2015-03-24	ND_DIGIT_FLIP	2008 ND 27	2003 ND 27	VERIFIED	der N.D.R.Crim.P. 11[ (c) ] are significantly different.” *Peltier v. State,* 2008 ND 27, ¶ 10, 657 
16452	2015-03-24	NW_DIGIT_FLIP	788 N.W.2d 825	783 N.W.2d 825	VERIFIED	al facts are not in dispute.” *El* *170 *lis v. North Dakota State Univ.,* 2010 ND 114, ¶ 8, 788 N.W
16455	2015-03-24	ND_DIGIT_FLIP	2011 ND 199	2011 ND 198	PDF_HAS_BAD	60; *Holkesvig v. Welte,* 2012 ND 14, 809 N.W.2d 323; *Holkesvig v. Moore,* 2011 ND 199, 806 N.W.2d 
16458	2015-04-09	NW_DIGIT_FLIP	848 N.W.2d 305	843 N.W.2d 305	VERIFIED	deference to the hearing officer’s findings. *Potratz v. N.D. Dep’t of Transp.,*2014 ND 48, ¶ 7, 848
16463	2015-04-28	ND_DIGIT_FLIP	2018 ND 148	2013 ND 148	VERIFIED	g the best interests of the child under N.D.C.C. § 14-09-06.2.” *Datz v. Dosch,*2018 ND 148, ¶ 18, 8
16464	2015-04-28	ND_DIGIT_FLIP	2011 ND 199	2011 ND 198	PDF_HAS_BAD	60; *Holkesvig v. Welte,* 2012 ND 14, 809 N.W.2d 323; *Holkesvig v. Moore,* 2011 ND 199, 806 N.W.2d 
16469	2015-04-28	NW_DIGIT_FLIP	689 N.W.2d 478	639 N.W.2d 478	VERIFIED	urt’s findings of fact in suppression matters. *City of Jamestown v. Jerome,* 2002 ND 34, ¶6, 689 N.
16469	2015-04-28	ND_DIGIT_FLIP	2018 ND 252	2013 ND 252	VERIFIED	1 N.W.2d 178 (citations omitted) (quotation marks omitted) (quoting *Nguyen,* 2018 ND 252, ¶¶ 8-9, 8
16471	2015-04-28	NW_DIGIT_FLIP	568 N.W.2d 804	563 N.W.2d 804	VERIFIED	e to value. Thomas Feist also points to *van Oosting* and *Zuger v. Zuger,* 1997 ND 97, 568 N.W.2d 8
16473	2015-04-28	ND_DIGIT_FLIP	2018 ND 252	2013 ND 252	VERIFIED	ignificantly modified when applied to a multi-family dwelling.” *See Nguyen,* 2018 ND 252, ¶13, 841 
16473	2015-04-28	NW_DIGIT_FLIP	809 N.W.2d 803	809 N.W.2d 303	VERIFIED	cy in an area is reviewed under the de novo standard of review. *Mittleider,* 2011 ND 242, ¶ 14, 809
16473	2015-04-28	ND_DIGIT_FLIP	2014 ND 211	2014 ND 217	PDF_HAS_BAD	Court also declined to reverse its holding in *Nguyen. See State v. Nguyen,* 2014 ND 211, ¶ 1, 858 N
16473	2015-04-28	NW_DIGIT_FLIP	697 N.W.2d 728	697 N.W.2d 723	VERIFIED	d because they are not necessary for resolving this appeal. *Martin v. Berg,* 2005 ND 108, ¶ 15, 697
16474	2015-04-28	ND_DIGIT_FLIP	2018 ND 184	2013 ND 184	VERIFIED	for change of venue. This Court affirmed the conviction in *State v. Howard,* 2018 ND 184, ¶ 1, 838 
16476	2015-05-01	NW_DIGIT_FLIP	889 N.W.2d 811	839 N.W.2d 811	VERIFIED	lief when a stay from the order approving the sale was not sought. *Shubert,* 2013 ND 215, ¶ 19, 889
16477	2015-05-01	NW_DIGIT_FLIP	728 N.W.2d 667	723 N.W.2d 667	VERIFIED	findings on matters of conflicting evidence. *Disciplinary Board, v. Bullis,* 2006 ND 228, ¶ 12 , 72
16477	2015-05-01	ND_DIGIT_FLIP	2007 ND 208	2007 ND 203	VERIFIED	ness’s demeanor and hear the witness testify. *Disciplinary Board v. Johnson,* 2007 ND 208 , ¶22, 74
16477	2015-05-01	NW_DIGIT_FLIP	843 N.W.2d 880	843 N.W.2d 830	VERIFIED	same conduct is discouraged. *See, e.g., Judicial Conduct Comm’n v. Corwin,* 2014 ND 50, ¶ 26, 843 N
16486	2015-05-27	NW_DIGIT_FLIP	882 N.W.2d 319	832 N.W.2d 319	VERIFIED	ision to suspend a person’s driving privileges. *Painte v. Dep’t of Transp.,* 2013 ND 95, ¶ 6, 882 N
16490	2015-05-27	ND_DIGIT_FLIP	2006 ND 168	2006 ND 163	VERIFIED	itations. We do not address issues not adequately briefed. *Molitor v. Molitor,*2006 ND 168, ¶ 11, 7
16491	2015-05-27	NW_DIGIT_FLIP	712 N.W.2d 338	712 N.W.2d 333	VERIFIED	. BNSF Ry. Co.,* 2009 ND 88, ¶ 9, 765 N.W.2d 705 (quoting *Hopfauf v. Hieb,* 2006 ND 72, ¶ 6, 712 N.
16495	2015-05-27	NW_DIGIT_FLIP	820 N.W.2d 368	820 N.W.2d 363	VERIFIED	recovering on a contract may be entitled to restitution. *Smestad v. Harris,* 2012 ND 166, ¶ 13, 820
16510	2015-06-11	ND_DIGIT_FLIP	2018 ND 106	2013 ND 106	VERIFIED	an order establishing primary residential responsibility. *Kartes v. Kartes,* 2018 ND 106, ¶19, 831 
16511	2015-06-11	NW_DIGIT_FLIP	744 N.W.2d 784	744 N.W.2d 734	VERIFIED	st for a search warrant in favor of sustaining the search”); *see also Schmalz,*2008 ND 27, ¶21, 744
16513	2015-06-11	NW_DIGIT_FLIP	838 N.W.2d 455	833 N.W.2d 455	VERIFIED	ere was sufficient evidence for the jury to convict Wacht of murder. *Wacht,* 2013 ND 126, ¶ 26, 838
16529	2015-07-01	ND_DIGIT_FLIP	2014 ND 99	2014 ND 59	PDF_HAS_BAD	d, and this Court summarily affirmed the criminal judgment. *State v. Gates,* 2014 ND 99, 859 N.W.2d
16543	2015-08-06	ND_DIGIT_FLIP	2008 ND 76	2003 ND 76	VERIFIED	*Brady* claim that the prosecution withheld such evidence.”); *Thorson,* 2008 ND 76, ¶ 13, 660 N.W.2
16547	2015-08-13	NW_DIGIT_FLIP	806 N.W.2d 697	806 N.W.2d 597	VERIFIED	to commit an offense and an overt act to effect the offense. *State v. Cain,* 2011 ND 213, ¶ 10, 806
16552	2015-08-25	ND_DIGIT_FLIP	2014 ND 284	2014 ND 234	VERIFIED	be material.” *Feist,* 2015 ND 98, ¶ 6, 862 N.W.2d 817 (quoting *McCarthy,* 2014 ND 284, ¶ 9, 856 N.
16557	2015-08-25	ND_DIGIT_FLIP	2012 ND 191	2012 ND 196	PDF_HAS_BAD	again denied his petition, and we summarily affirmed the order. *In re Hehn,* 2012 ND 191, ¶ 1, 821 
16559	2015-08-25	NW_DIGIT_FLIP	849 N.W.2d 289	849 N.W.2d 239	VERIFIED	on is not contrary to the manifest weight of the evidence.” *State v. Boehm,* 2014 ND 154, ¶ 8, 849 
16572	2015-09-04	ND_DIGIT_FLIP	2004 ND 181	2004 ND 131	VERIFIED	e do not have jurisdiction.” *Frontier Enters., L.L.P. v. D.W. Enters., L.L.P.,*2004 ND 181, ¶ 3, 68
16581	2015-09-17	NW_DIGIT_FLIP	799 N.W.2d 58	799 N.W.2d 53	VERIFIED	emius v. Conzemius,*2014 ND 5, ¶ 41, 841 N.W.2d 716 (quoting *Becker v. Becker,*2011 ND 107, ¶ 15, 7
16602	2015-10-13	ND_DIGIT_FLIP	2012 ND 108	2012 ND 103	VERIFIED	equirements or the motion will be decided on the briefs.” *State v. Parizek,* 2012 ND 108, ¶ 8, 816 
16611	2015-12-01	NW_DIGIT_FLIP	792 N.W.2d 538	792 N.W.2d 533	VERIFIED	would make based on the officer’s training and experience.” *State v. Franzen,*2010 ND 244, ¶ 12, 79
16618	2015-12-01	ND_DIGIT_FLIP	2018 ND 219	2013 ND 219	VERIFIED	Co.,*2015 ND 187, ¶ 15, 867 N.W.2d 308; *Wagner v. Crossland Constr. Co., Inc.,*2018 ND 219, ¶ 8, 84
16622	2015-12-01	NW_DIGIT_FLIP	868 N.W.2d 223	863 N.W.2d 223	VERIFIED	7, ¶ 16, 868 N.W.2d 861 (quoting *In re Disciplinary. Action Against Carpenter,*2015 ND 111, ¶ 20, 8
16629	2015-12-22	NW_DIGIT_FLIP	708 N.W.2d 306	703 N.W.2d 306	VERIFIED	*State v. Addai,*2010 ND 29, ¶ 49, 778 N.W.2d 555 (quoting *State v. Parisien,*2005 ND 152, ¶ 17, 70
16634	2015-12-22	ND_DIGIT_FLIP	2007 ND 166	2007 ND 165	VERIFIED	on *Baesler v. N.D. Dep’t of Transp.,*2012 ND 39, ¶ 3, 812 N.W.2d 434; *Sayler,*2007 ND 166, ¶ 8, 74
16646	2016-01-14	NW_DIGIT_FLIP	660 N.W.2d 699	660 N.W.2d 599	VERIFIED	ir special-needs child-. [¶ 19] In *Morton Cty. Soc. Serv. Bd. v. Hakanson,* 2003 ND 78, ¶¶ 10-11, 6
16649	2016-01-14	ND_DIGIT_FLIP	2008 ND 154	2003 ND 154	VERIFIED	relevant, let alone material, to the claim for relief.” *Iglehart v. Iglehart,*2008 ND 154, ¶ 10, 67
16656	2016-02-18	NW_DIGIT_FLIP	846 N.W.2d 738	846 N.W.2d 733	VERIFIED	ecision merely because we might have reached a different result.” *Schlieve,* 2014 ND 107, ¶ 23, 846
16659	2016-02-18	ND_DIGIT_FLIP	2016 ND 183	2015 ND 183	VERIFIED	3, 797 (N.D.1979). *See, e.g., Dockter v. Burleigh Cty. Bd. of Cty. Comm’rs,* 2016 ND 183, ¶ 8, 865 
16660	2016-02-18	ND_DIGIT_FLIP	2018 ND 106	2013 ND 106	VERIFIED	Ranch Ass’n,* 2001 ND 122, ¶ 6, 629 N.W.2d 563; *see also Kartes v. Kartes,* 2018 ND 106, ¶ 13, 831 
16662	2016-02-18	NW_DIGIT_FLIP	673 N.W.2d 636	673 N.W.2d 635	VERIFIED	t was unaware of the facts at the time' of' the stipulation.” *Mock v. Mock,* 2004 ND 14, ¶ 13, 673 
16667	2016-02-18	NW_DIGIT_FLIP	681 N.W.2d 463	581 N.W.2d 463	VERIFIED	ion of a final order. *See Boger v. North Dakota Workers Compensation Bureau,* 1998 ND 131, ¶¶ 12, 1
16677	2016-03-15	ND_DIGIT_FLIP	2010 ND 63	2010 ND 62	PDF_HAS_BAD	fully reviewable on appeal. *See Hewson,* at ¶ 6 (citing *State v. Wolfer,* 2010 ND 63, ¶ 6, 780 N.W
16698	2016-03-15	NW_DIGIT_FLIP	828 N.W.2d 482	823 N.W.2d 482	VERIFIED	lter or amend a judgment or a motion for relief from a judgment.- *Hammeren,* 2012 ND 225, ¶ 28, 828
16703	2016-04-15	NW_DIGIT_FLIP	768 N.W.2d 462	763 N.W.2d 462	VERIFIED	igor’s ability to support his child accordingly.” *State ex rel KB. v. Bmer,* 2009 ND 45, ¶ 15, 768 
16704	2016-04-18	ND_DIGIT_FLIP	2014 ND 287	2014 ND 237	VERIFIED	the court must award attorney fees.” *Estate of Pedro v.* *84 *Seheeler,* 2014 ND 287, ¶ 14, 856 N.W
16717	2016-06-02	ND_DIGIT_FLIP	2011 ND 199	2011 ND 198	PDF_HAS_BAD	60; *Holkesvig v. Welte,* 2012 ND 14, 809 N.W.2d 323; *Holkesvig v. Moore,* 2011 ND 199, 806 N.W.2d 
16733	2016-06-10	NW_DIGIT_FLIP	603 N.W.2d 476	603 N.W.2d 475	VERIFIED	curing the execution of judgments.” *See Mid-Dakota Clinic, P.C. v. Kolsrud,* 1999 ND 244, ¶ 13, 603
16738	2016-06-30	NW_DIGIT_FLIP	872 N.W.2d 829	872 N.W.2d 329	VERIFIED	eview de novo on the entire record.” *Fleck v. Missouri River Royalty Corp.,* 2015 ND 287, ¶ 6, 872 
16741	2016-06-30	ND_DIGIT_FLIP	2016 ND 230	2015 ND 230	VERIFIED	stitutions’ protections against warrantless searches or seizures.” *Morales,* 2016 ND 230, ¶ 8, 869 
16741	2016-06-30	ND_DIGIT_FLIP	2014 ND 96	2014 ND 95	VERIFIED	ns against unreasonable searches extend to hotel rooms. *See State v. Kuruc,* 2014 ND 96, ¶ 11, 846 
16746	2016-06-30	NW_DIGIT_FLIP	866 N.W.2d 401	865 N.W.2d 401	VERIFIED	ther proceedings would be productive of manifest injustice.” *State v. Lang,* 2015 ND 181, ¶ 10, 866
16753	2016-07-20	ND_DIGIT_FLIP	2006 ND 46	2006 ND 45	VERIFIED	ition.of certain seized property related to a criminal offense.” *Bergstrom,* 2006 ND 46, ¶ 11, 710 
16753	2016-07-20	ND_DIGIT_FLIP	2006 ND 46	2006 ND 45	VERIFIED	¶8, 606 N.W.2d 521. [¶ 6] “Forfeiture is a two-stage process.” *Bergstrom,* 2006 ND 46, ¶ 12, 710 N.
16756	2016-07-20	ND_DIGIT_FLIP	2016 ND 18	2015 ND 18	VERIFIED	ate v. Baxter,* 2015 ND 107, ¶ 5, 863 N.W.2d 208 (quoting *Beylund v. Levi,* 2016 ND 18, ¶ 17, 859 N
16759	2016-07-20	ND_DIGIT_FLIP	2016 ND 177	2015 ND 177	VERIFIED	to be left to the sound discretion of the finder of facts. *State v. Gates,* 2016 ND 177, ¶ 7, 865 N
16778	2016-08-24	ND_DIGIT_FLIP	2018 ND 150	2013 ND 150	VERIFIED	n the samé state as if no appeal had been *taken_” In re Estate of Cashmore,* 2018 ND 150, ¶ 15, 836
16783	2016-08-31	NW_DIGIT_FLIP	799 N.W.2d 897	799 N.W.2d 397	VERIFIED	ND 179, ¶ 14, 865 N.W.2d 825 (quoting *Vanlishout v. N.D. Dep’t of Transp.,* 2011 ND 138, ¶ 12, 799 
16798	2016-10-17	NW_DIGIT_FLIP	608 N.W.2d 896	603 N.W.2d 896	VERIFIED	itation must be demonstrated in detail’ before it is imposed.” *Hendrickson,* 2000 ND 1, ¶ 21, 608 N
16828	2016-12-30	NW_DIGIT_FLIP	807 N.W.2d 670	807 N.W.2d 570	VERIFIED	eight the evidence was assigned, not the sufficiency of the evidence.” *J.T.N.,*2011 ND 231, ¶ 8, 80
16833	2017-02-16	NW_DIGIT_FLIP	596 N.W.2d 817	596 N.W.2d 317	VERIFIED	guage can be reasonably construed as having at least two alternative meanings. 1999 ND 126, ¶8, 596 
16833	2017-02-16	NW_DIGIT_FLIP	852 N.W.2d 877	852 N.W.2d 377	VERIFIED	iculars[,] and uncertainties in the decree arise from subsequent events.” Rath, 2014 ND 171, ¶ 15, 8
16838	2017-02-16	NW_DIGIT_FLIP	787 N.W.2d 762	787 N.W.2d 752	VERIFIED	d the order is not supported by clear and convincing evidence.” Matter of A.M., 2010 ND 163, ¶ 14, 7
16864	2017-03-07	ND_DIGIT_FLIP	2013 ND 113	2013 ND 115	PDF_HAS_BAD	rison. This Court summarily affirmed the criminal judgment. State v. Hamilton , 2013 ND 113, ¶ 3, 83
16864	2017-03-07	ND_DIGIT_FLIP	2013 ND 113	2013 ND 115	PDF_HAS_BAD	prison. This Court summarily affirmed the criminal judgment. State v. Hamilton, 2013 ND 113, ¶ 3, 83
16867	2017-03-07	NW_DIGIT_FLIP	792 N.W.2d 538	792 N.W.2d 533	VERIFIED	endant was, or was about to be, engaged in unlawful activity. State v. Franzen, 2010 ND 244, ¶ 12, 7
16873	2017-03-13	ND_DIGIT_FLIP	2011 ND 158	2011 ND 153	VERIFIED	“the decision is not contrary to the manifest weight of the evidence.” Gefroh, 2011 ND 158, ¶ 7, 801
16877	2017-03-30	ND_DIGIT_FLIP	2008 ND 102	2003 ND 102	VERIFIED	the voluntary and intelligent character of the guilty plea.’ ” Damron v. State, 2008 ND 102, ¶ 9 , 6
16894	2017-04-06	NW_DIGIT_FLIP	716 N.W.2d 535	713 N.W.2d 535	BOTH	In Pace , Pace requested to contact his attorney before taking a chemical test. 2006 ND 98, ¶ 8, 716
16894	2017-04-06	NW_DIGIT_FLIP	718 N.W.2d 535	713 N.W.2d 535	VERIFIED	h counsel before deciding whether to submit to a chemical test.” State v. Pace, 2006 ND 98, ¶ 6, 718
16894	2017-04-06	NW_DIGIT_FLIP	713 N.W.2d 635	713 N.W.2d 535	VERIFIED	iew of the totality of the circumstances.” Lies, at ¶ 10 (citing State v. Pace, 2006 ND 98, ¶¶ 6-7, 
16904	2017-04-25	ND_DIGIT_FLIP	2016 ND 223	2016 ND 233	PDF_HAS_BAD	d his application. Gonzalez appealed; this Court affirmed in Gonzalez v. State, 2016 ND 223, 888 N.W
16908	2017-04-25	NW_DIGIT_FLIP	692 N.W.2d 541	592 N.W.2d 541	VERIFIED	837 N.W.2d 894; Brown v. Brown, 1999 ND 199, ¶ 28, 600 N.W.2d 869; Fox v. Fox, 1999 ND 68, ¶ 17, 692
16914	2017-04-25	NW_DIGIT_FLIP	758 N.W.2d 872	753 N.W.2d 872	VERIFIED	aim is frivolous, the court must award attorney fees. See Strand v. Cass Cnty., 2008 ND 149, ¶¶ 12-1
16983	2017-07-12	NW_DIGIT_FLIP	851 N.W.2d 158	851 N.W.2d 153	VERIFIED	r to seize evidence without a warrant. [¶ 28] Relying on *State v. Stewart,* 2014 ND 165, ¶ 18, 851 
16986	2017-07-17	ND_DIGIT_FLIP	2017 ND 46	2017 ND 45	VERIFIED	lopment in the state. *See, e.g., Envtl. Driven Solutions, LLC v. Dunn Cty.,* 2017 ND 46, ¶ 9, 890 N
16986	2017-07-17	NW_DIGIT_FLIP	812 N.W.2d 406	812 N.W.2d 405	VERIFIED	ablish .spacing units for a pool.” N.D.C.C. § 38-08-07(1); *see also Gadeco,* 2012 ND 33, ¶ 4, 812 N
17006	2017-07-31	NW_DIGIT_FLIP	671 N.W.2d 351	571 N.W.2d 351	VERIFIED	in a court of competent jurisdiction. *Cridland v. ND Workers Comp. Bureau,* 1997 ND 223, ¶ 17, 671 
17011	2017-08-11	ND_DIGIT_FLIP	2017 ND 169	2017 ND 164	PDF_HAS_BAD	tatutory interpretation is a question of law. *Mosser v. Denbury Res., Inc.,* 2017 ND 169, ¶ 13, 898
17023	2017-08-29	ND_DIGIT_FLIP	2017 ND 169	2017 ND 164	PDF_HAS_BAD	interpretation is a function for this Court. See Mosser v. Denbury Res. Inc., 2017 ND 169, ¶ 12, 898
17024	2017-08-29	ND_DIGIT_FLIP	1999 ND 186	1999 ND 185	VERIFIED	e v.* *361 *Chacano,* 2012 ND 113, ¶ 6, 817 N.W.2d 369; *State v. Freed,* 1999 ND 186, ¶ 13, 599 N.W
17031	2017-09-01	ND_DIGIT_FLIP	2004 ND 138	2004 ND 133	VERIFIED	Fuel Co.,* 2017 ND 49, ¶ 20, 891 N.W.2d 126 (citing *Tibert v. Minto Grain,* 2004 ND 138, ¶ 7, 682 N
17069	2017-11-16	NW_DIGIT_FLIP	666 N.W.2d 12	665 N.W.2d 12	VERIFIED	§ 12.1-32-09.1 because the new law confers a benefit. See Smith v. Baumgartner, 2003 ND 120, ¶ 11, 6
17071	2017-11-16	ND_DIGIT_FLIP	2011 ND 186	2011 ND 185	VERIFIED	t.’ Nelson, at ¶ 5 (quoting Brandvold v. Lewis & Clark Pub. Sch. Dist. No. 161, 2011 ND 186 , ¶6, 80
17093	2017-12-07	ND_DIGIT_FLIP	2001 ND 166	2001 ND 156	VERIFIED	cted attempts to lessen the effect of § 9-08-06. See Warner and Co. v. Solberg, 2001 ND 166, ¶¶ 17-1
17099	2017-12-07	NW_DIGIT_FLIP	841 N.W.3d 687	841 N.W.2d 687	PDF_HAS_BAD	soning. See Myers v. State, 2017 ND 66, ¶ 10, 891 N.W.2d 724; Trosen v. Trosen, 2014 ND 7, ¶ 28, 841
17103	2017-12-07	NW_DIGIT_FLIP	680 N.W.2d 684	680 N.W.2d 634	VERIFIED	of the rights of the owner.” Ritter, Laber and Assocs., Inc. v. Koch Oil, Inc., 2004 ND 117, ¶ 11, 6
19302	2018-02-01	ND_DIGIT_FLIP	2017 ND 169	2017 ND 164	PDF_HAS_BAD	statute is to determine the legislature’s intent. Mosser v. Denbury Res., Inc., 2017 ND 169, ¶ 13, 8
19323	2018-02-22	ND_DIGIT_FLIP	2016 ND 118	2016 ND 108	PDF_HAS_BAD	s newly discovered evidence. This Court summarily affirmed. See Comes v. State, 2016 ND 118, 881 N.W
17191	2018-06-05	ND_DIGIT_FLIP	2017 ND 159	2017 ND 150	PDF_HAS_BAD	sound policy reasons thoroughly explained by this Court.” O’Hara v. Schneider , 2017 ND 159, ¶ 9, 89
17191	2018-06-05	ND_DIGIT_FLIP	2017 ND 159	2017 ND 150	PDF_HAS_BAD	"und policy reasons thoroughly explained by this Court."" *O'Hara v. Schneider* , 2017 ND 159, ¶ 9, 89"
17269	2018-10-09	ND_DIGIT_FLIP	2017 ND 169	2017 ND 164	PDF_HAS_BAD	a matter for the trial court's discretion. *Mosser v. Denbury Res., Inc.* , 2017 ND 169 , ¶ 30, 898 
17311	2018-12-06	ND_DIGIT_FLIP	2017 ND 280	2017 ND 286	PDF_HAS_BAD	guilty of terrorizing and his conviction was affirmed in *State v. Sabot* , 2017 ND 280 , 904 N.W.2d
17383	2019-02-21	ND_DIGIT_FLIP	2018 ND 75	2018 ND 74	PDF_HAS_BAD	tion prohibit unreasonable searches and seizures. *See* *State v. Sauter* , 2018 ND 75 , ¶ 8, 908 N.
17387	2019-02-21	ND_DIGIT_FLIP	2018 ND 109	2018 ND 104	PDF_HAS_BAD	ividuals in their official capacity as defendants. In *Wheeler v. Burgum* , 2018 ND 109 , ¶ 6, 910 N
17457	2019-05-16	ND_DIGIT_FLIP	2019 ND 69	2019 ND 59	PDF_HAS_BAD	"d fact and is fully reviewable by this *405 Court."" *Brewer v. State* , 2019 ND 69 , ¶ 5, 924 N.W.2d"
17457	2019-05-16	ND_DIGIT_FLIP	2019 ND 69	2019 ND 59	PDF_HAS_BAD	l, the applicant has the burden to establish grounds for relief. *Brewer* , 2019 ND 69 , ¶ 4, 924 N.
17531	2019-07-11	ND_DIGIT_FLIP	2018 ND 253	2018 ND 250	PDF_HAS_BAD	"nity to judge the witnesses' credibility."" *See also* *Tornabeni v. Wold* , 2018 ND 253 , ¶ 16, 920 "
17534	2019-07-11	ND_DIGIT_FLIP	2017 ND 87	2017 ND 89	PDF_HAS_BAD	on judgment to this Court, which we summarily affirmed. *State v. Caster* , 2017 ND 87 , 894 N.W.2d 
19495	2020-06-29	ND_DIGIT_FLIP	2017 ND 159	2017 ND 150	PDF_HAS_BAD	efinite and firm conviction that a mistake has been made. O’Hara v. Schneider, 2017 ND 159, ¶ 7, 897
19504	2020-07-30	NW_DIGIT_FLIP	931 N.W.2d 239	931 N.W.2d 229	PDF_HAS_BAD	derstood by those who drafted and adopted the provision. See Wilkens v. Westby, 2019 ND 186, ¶ 8, 93
19521	2020-10-21	ND_DIGIT_FLIP	2017 ND 169	2017 ND 164	PDF_HAS_BAD	Servs., Inc., 2017 ND 202, ¶ 12, 900 N.W.2d 271; Mosser v. Denbury Res., Inc., 2017 ND 169, ¶ 13, 89
19522	2020-10-21	ND_DIGIT_FLIP	2019 ND 69	2019 ND 59	PDF_HAS_BAD	e fully reviewable on appeal of a post-conviction proceeding.” Brewer v. State, 2019 ND 69, ¶ 4, 924
19524	2020-10-21	ND_DIGIT_FLIP	2012 ND 191	2012 ND 196	PDF_HAS_BAD	15 ND 218, 868 N.W.2d 551; In re Hehn, 2013 ND 191, 838 N.W.2d 469; In re Hehn, 2012 ND 191, 821 N.W
17725	2020-11-19	ND_DIGIT_FLIP	2017 ND 236	2017 ND 235	BOTH	was summarily dismissed. This Court affirmed the dismissal in Wisham v. State, 2017 ND 236 , 903 N.W
19528	2020-11-19	ND_DIGIT_FLIP	2014 ND 99	2014 ND 59	PDF_HAS_BAD	te of Lela Gates. This Court summarily affirmed the conviction. State v. Gates, 2014 ND 99, 859 N.W.
19537	2020-12-17	ND_DIGIT_FLIP	2015 ND 83	2015 ND 86	PDF_HAS_BAD	his probation. State v. Curtiss, 2011 ND 175, 803 N.W.2d 834; Curtiss v. State, 2015 ND 83, 865 N.W.
19629	2021-03-24	ND_DIGIT_FLIP	2019 ND 69	2019 ND 59	PDF_HAS_BAD	"."" Morales v. State, 2019 ND 137, ¶ 4, 927 N.W.2d 401 (quoting Brewer v. State, 2019 ND 69, ¶ 5, 924"
17831	2021-06-24	ND_DIGIT_FLIP	2016 ND 118	2016 ND 108	PDF_HAS_BAD	618 N.W.2d 724 ; Comes v. State, 2014 ND 141 , 859 N.W.2d 929 ; Comes v. State, 2016 ND 118 , 881 N.
17848	2021-07-22	ND_DIGIT_FLIP	2020 ND 46	2020 ND 45	PDF_HAS_BAD	now since it concerns a vital constitutional right. See Smithberg v. Jacobson, 2020 ND 46, ¶ 7 , 939
17864	2021-08-19	ND_DIGIT_FLIP	2019 ND 69	2019 ND 59	PDF_HAS_BAD	ully reviewable on appeal of a post- conviction proceeding.” Brewer v. State, 2019 ND 69, ¶ 4 , 924 
17877	2021-09-30	ND_DIGIT_FLIP	2019 ND 69	2019 ND 59	PDF_HAS_BAD	of a post- conviction proceeding.” Hunter, at ¶ 11 (quoting Brewer v. State, 2019 ND 69, ¶ 4 , 924 N
18029	2022-05-26	ND_DIGIT_FLIP	2019 ND 69	2019 ND 59	PDF_HAS_BAD	fully reviewable on appeal of a post- conviction proceeding. Brewer v. State, 2019 ND 69, ¶ 4 , 924 
19658	2022-07-21	ND_DIGIT_FLIP	2021 ND 216	2021 ND 219	PDF_HAS_BAD	not be overturned on appeal absent abuse of that discretion. Swanson v. Larson, 2021 ND 216, ¶ 8, 96
19662	2022-08-04	ND_DIGIT_FLIP	2017 ND 169	2017 ND 164	PDF_HAS_BAD	defined or a contrary intention plainly appears.” Mosser v. Denbury Res., Inc., 2017 ND 169, ¶ 13, 8
19677	2022-10-27	NW_DIGIT_FLIP	656 N.W.2d 658	656 N.W.2d 656	PDF_HAS_BAD	party to seek reconsideration of a district court’s judgment. Hanson v. Hanson, 2003 ND 20, ¶ 5, 656
18095	2022-11-23	ND_DIGIT_FLIP	2017 ND 169	2017 ND 164	PDF_HAS_BAD	recourse in the appellate courts of this State.” Mosser v. Denbury Res., Inc., 2017 ND 169, ¶ 9 , 89
19689	2022-12-08	ND_DIGIT_FLIP	2019 ND 69	2019 ND 59	PDF_HAS_BAD	er [v. State, 2020 ND 224], at ¶ 11[, 949 N.W.2d 841] (quoting Brewer v. State, 2019 ND 69, ¶ 4, 924
18121	2022-12-22	ND_DIGIT_FLIP	2021 ND 216	2021 ND 219	PDF_HAS_BAD	ined beforehand, and how it would preclude summary judgment. Swanson v. Larson, 2021 ND 216, ¶ 9 , 9
18125	2023-01-05	ND_DIGIT_FLIP	2017 ND 82	2007 ND 82	PDF_HAS_BAD	’s issues. We discussed the importance of these requirements in State v. Noack, 2017 ND 82, ¶¶ 7-8 ,
18127	2023-01-20	NW_DIGIT_FLIP	578 N.W.2d 599	578 N.W.2d 559	PDF_HAS_BAD	d under constitutional standard for harmless error).” City of Mandan v. Baer, 1998 ND 101, ¶¶ 8-12 ,
18165	2023-03-31	ND_DIGIT_FLIP	2022 ND 21	2022 ND 20	PDF_HAS_BAD	irmed Wayne Martinez’s criminal conviction on direct appeal. State v. Martinez, 2022 ND 21 , 969 N.W
19726	2023-07-07	ND_DIGIT_FLIP	2018 ND 78	2018 ND 73	PDF_HAS_BAD	e Fourth Amendment, and must be supported by probable cause.” State v. Terrill, 2018 ND 78, ¶ 7, 908
19733	2023-07-19	ND_DIGIT_FLIP	2009 ND 64	2009 ND 65	PDF_HAS_BAD	N.W.2d 22; Clifford v. Redmann, 2006 ND 93, 719 N.W.2d 384; Clifford v. State, 2009 ND 64, 767 N.W.2
18216	2023-08-02	ND_DIGIT_FLIP	2009 ND 3	2009 ND 6	PDF_HAS_BAD	concurrent with or consecutive to another felony sentence.” State v. Huffling, 2009 ND 3, ¶ 3 , 763 
18222	2023-08-17	ND_DIGIT_FLIP	2019 ND 69	2019 ND 59	PDF_HAS_BAD	g. Hunter v. State, 2020 ND 224, ¶ 11, 949 N.W.2d 841 (quoting Brewer v. State, 2019 ND 69, ¶ 4, 924
19740	2023-08-17	ND_DIGIT_FLIP	2019 ND 69	2019 ND 59	NO_PDF	.” Morales v. State, 2019 ND 137, ¶ 4, 927 N.W.2d 401 (quoting Brewer v. State, 2019 ND 69, ¶ 5, 924
18238	2023-12-01	ND_DIGIT_FLIP	2023 ND 57	2023 ND 59	PDF_HAS_BAD	the right to self-represent, and the right to a public trial.” State v. Linner, 2023 ND 57, ¶ 6 , 98
19805	2023-12-15	ND_DIGIT_FLIP	2021 ND 126	2021 ND 122	PDF_HAS_BAD	f whether a cross-appeal is filed. Hussiene v. Director, N.D. Dep’t of Transp., 2021 ND 126, ¶ 11, 9
19940	2024-02-08	ND_DIGIT_FLIP	2019 ND 69	2019 ND 59	PDF_HAS_BAD	’” Hunter v. State, 2020 ND 224, ¶ 11, 949 N.W.2d 841 (quoting Brewer v. State, 2019 ND 69, ¶ 4, 924
20011	2024-03-07	ND_DIGIT_FLIP	2017 ND 169	2017 ND 164	PDF_HAS_BAD	"recourse in the appellate courts of this State."" Mosser v. Denbury Res., Inc., 2017 ND 169, ¶ 9, 898"
20015	2024-03-07	ND_DIGIT_FLIP	2022 ND 233	2022 ND 232	PDF_HAS_BAD	ents “from the official editorial board for guidance[.]” Shafer v. Scarborough, 2022 ND 233, ¶ 21, 9
20018	2024-03-18	ND_DIGIT_FLIP	2021 ND 174	2021 ND 175	PDF_HAS_BAD	stconviction claim where an adequate record can be made. See State v. Demerais, 2021 ND 174, ¶ 3, 96
20025	2024-04-04	ND_DIGIT_FLIP	2021 ND 216	2021 ND 219	PDF_HAS_BAD	es not, by itself, provide a basis for a negligence action.” Swanson v. Larson, 2021 ND 216, ¶ 24, 9
20055	2024-05-02	ND_DIGIT_FLIP	2023 ND 57	2023 ND 59	PDF_HAS_BAD	e). We presume the jury followed the judge’s instructions. See State v. Linner, 2023 ND 57, ¶ 19, 98
19860	2024-06-06	ND_DIGIT_FLIP	2023 ND 57	2023 ND 59	PDF_HAS_BAD	han state law is a question of law fully reviewable on appeal. State v. Linner, 2023 ND 57, ¶ 21, 98
19880	2024-07-05	ND_DIGIT_FLIP	2017 ND 169	2017 ND 164	PDF_HAS_BAD	c. v. Heitkamp, 489 N.W.2d 869, 872 (N.D. 1992). Mosser v. Denbury Res., Inc., 2017 ND 169, ¶ 13, 89
19919	2024-08-28	ND_DIGIT_FLIP	2019 ND 69	2019 ND 59	PDF_HAS_BAD	ndant allegedly kissed her on the mouth and touched her butt); Brewer v. State, 2019 ND 69, ¶¶ 2, 13
19954	2024-11-08	ND_DIGIT_FLIP	2017 ND 169	2017 ND 164	PDF_HAS_BAD	meanings.” E. Cent. Water Dist., at ¶ 8 (quoting Mosser v. Denbury Res., Inc., 2017 ND 169, ¶ 13, 89
19964	2024-11-21	ND_DIGIT_FLIP	2021 ND 174	2021 ND 175	PDF_HAS_BAD	an adequate record can be made. See Glaum, 2024 ND 47, ¶ 17; State v. Demerais, 2021 ND 174, ¶ 3, 96
19971	2024-12-05	ND_DIGIT_FLIP	2018 ND 78	2018 ND 73	PDF_HAS_BAD	protect individuals from unreasonable searches and seizures.” State v. Terrill, 2018 ND 78, ¶ 7, 908
19972	2024-12-05	ND_DIGIT_FLIP	2023 ND 57	2023 ND 59	PDF_HAS_BAD	ness, integrity or public reputation of judicial proceedings.“ State v. Linner, 2023 ND 57, ¶ 16, 98
19977	2024-12-05	ND_DIGIT_FLIP	2021 ND 174	2021 ND 175	PDF_HAS_BAD	conviction proceeding where an adequate record can be made.” State v. Demerais, 2021 ND 174, ¶ 2, 96
20251	2025-02-13	ND_DIGIT_FLIP	2019 ND 69	2019 ND 59	PDF_HAS_BAD	rors, the result of the proceeding would have been different.” Brewer v. State, 2019 ND 69, ¶ 5, 924
20273	2025-03-28	ND_DIGIT_FLIP	2021 ND 239	2021 ND 233	PDF_HAS_BAD	a criminal complaint under an abuse of discretion standard. State v. Carrillo, 2021 ND 239, ¶ 13, 96
20293	2025-04-24	ND_DIGIT_FLIP	2021 ND 239	2021 ND 233	PDF_HAS_BAD	r indictment and is therefore appealable under the statute.” State v. Carrillo, 2021 ND 239, ¶ 12, 9
20112	2025-07-17	ND_DIGIT_FLIP	2017 ND 169	2017 ND 164	PDF_HAS_BAD	c. v. Fisher, 102 F.4th 918, 923 (8th Cir. 2024); Mosser v. Denbury Res., Inc., 2017 ND 169, ¶ 21, 8
20118	2025-07-31	ND_DIGIT_FLIP	2019 ND 69	2019 ND 59	PDF_HAS_BAD	mpetent and the probable different result.’” Id. ¶ 13 (quoting Brewer v. State, 2019 ND 69, ¶ 9, 924
20135	2025-09-25	ND_DIGIT_FLIP	2019 ND 69	2019 ND 59	PDF_HAS_BAD	rors, the result of the proceeding would have been different.” Brewer v. State, 2019 ND 69, ¶ 5, 924
20172	2025-11-05	ND_DIGIT_FLIP	2023 ND 57	2023 ND 59	PDF_HAS_BAD	her there was a closure implicating the public trial right.” [State v.] Linner, 2023 ND 57, ¶ 7, 988
20175	2025-11-05	ND_DIGIT_FLIP	2019 ND 69	2019 ND 59	PDF_HAS_BAD	istrict court relied in large part on this Court’s decision in Brewer v. State, 2019 ND 69, 924 N.W.
20177	2025-11-05	ND_DIGIT_FLIP	2009 ND 3	2009 ND 6	PDF_HAS_BAD	nt with or consecutive to another felony sentence.” (quoting State v. Huffling, 2009 ND 3, ¶ 3, 763 
20178	2025-11-05	ND_DIGIT_FLIP	2009 ND 3	2009 ND 6	PDF_HAS_BAD	and issue consecutive terms of imprisonment for felonies, see State v. Huffing, 2009 ND 3, ¶ 3, 763 
20190	2025-12-04	ND_DIGIT_FLIP	2018 ND 78	2018 ND 73	PDF_HAS_BAD	searches and seizures.” Gothberg, 2024 ND 217, ¶ 11 (quoting State v. Terrill, 2018 ND 78, ¶ 7, 908 
20193	2025-12-04	NW_DIGIT_FLIP	931 N.W.2d 233	931 N.W.2d 223	PDF_HAS_BAD	on the record for this Court to understand its determination. Caster v. State, 2019 ND 187, ¶ 6, 931
20206	2025-12-18	NW_DIGIT_FLIP	891 N.W.2d 753	891 N.W.2d 750	PDF_HAS_BAD	g party commences the time for filing the notice of appeal.” Estate of Vendsel, 2017 ND 71, ¶ 6, 891
20219	2025-12-31	NW_DIGIT_FLIP	972 N.W.2d 419	973 N.W.2d 419	PDF_HAS_BAD	Court believes a mistake has been made. Trenton Indian Housing Auth. v. Poitra, 2022 ND 87, ¶ 6, 972
20315	2026-01-29	ND_DIGIT_FLIP	2018 ND 78	2018 ND 73	PDF_HAS_BAD	State v. Gothberg, 2024 ND 217, ¶ 11, 14 N.W.3d 578 (quoting State v. Terrill, 2018 ND 78, ¶ 7, 908 
20330	2026-02-05	ND_DIGIT_FLIP	2017 ND 169	2017 ND 164	PDF_HAS_BAD	must be sought from the language of the statute.” Mosser v. Denbury Res., Inc., 2017 ND 169, ¶ 13, 8
20358	2026-02-19	ND_DIGIT_FLIP	2019 ND 5	2019 ND 2	PDF_HAS_BAD	iv.P., is the exclusive means for opening a default judgment. Lunde v. Paulson, 2019 ND 5, ¶ 2, 921 
20403	2026-04-22	ND_DIGIT_FLIP	2022 ND 233	2022 ND 232	PDF_HAS_BAD	rail Energy, LLC, 2024 ND 44, ¶ 9, 4 N.W.3d 203 (quoting Shafer v. Scarborough, 2022 ND 233, ¶ 21, 9
20508	2026-05-22	ND_DIGIT_FLIP	2021 ND 126	2021 ND 122	PDF_HAS_BAD	ating the law to make an investigative stop. Hussiene v. N.D. Dep’t of Transp., 2021 ND 126, ¶ 8, 96
