oid	old_art	new_art	pm_seq	pm_nmarks	jaccard	category	cite
16622	13	0	OK	39	0.861	ACCEPT_PM	2015 ND 282
16672	12	0	OK	45	0.879	ACCEPT_PM	2016 ND 45
16648	9	0	OK	82	0.906	ACCEPT_PM	2016 ND 8
16757	9	0	OK	51	0.933	ACCEPT_PM	2016 ND 145
16638	8	0	OK	38	0.885	ACCEPT_PM	2015 ND 303
16670	8	0	OK	37	0.726	ACCEPT_PM	2016 ND 43
16675	8	0	OK	25	0.842	ACCEPT_PM	2016 ND 58
16679	8	0	OK	25	0.851	ACCEPT_PM	2016 ND 57
16685	8	0	OK	29	0.854	ACCEPT_PM	2016 ND 73
16686	8	0	OK	19	0.934	ACCEPT_PM	2016 ND 72
16755	8	0	OK	46	0.924	ACCEPT_PM	2016 ND 144
16773	8	0	OK	67	0.913	ACCEPT_PM	2016 ND 160
16639	7	0	OK	44	0.939	ACCEPT_PM	2016 ND 1
16645	7	0	OK	17	0.851	ACCEPT_PM	2016 ND 12
16698	7	0	OK	46	0.873	ACCEPT_PM	2016 ND 60
14454	6	0	OK	49	0.924	ACCEPT_PM	2006 ND 36
16656	6	0	OK	36	0.853	ACCEPT_PM	2016 ND 40
16659	6	0	OK	29	0.845	ACCEPT_PM	2016 ND 30
16764	6	0	OK	32	0.883	ACCEPT_PM	2016 ND 87
16779	6	0	OK	29	0.923	ACCEPT_PM	2016 ND 170
14272	5	0	OK	43	0.896	ACCEPT_PM	2005 ND 120
15801	5	0	OK	19	0.877	ACCEPT_PM	2012 ND 39
16063	5	0	OK	44	0.869	ACCEPT_PM	2013 ND 97
16440	5	0	OK	101	0.947	ACCEPT_PM	2015 ND 57
16601	5	0	OK	31	0.936	ACCEPT_PM	2015 ND 247
16653	5	0	OK	46	0.915	ACCEPT_PM	2016 ND 20
16657	5	0	OK	49	0.905	ACCEPT_PM	2016 ND 28
16678	5	0	OK	10	0.809	ACCEPT_PM	2016 ND 63
16683	5	0	OK	18	0.867	ACCEPT_PM	2016 ND 70
16756	5	0	OK	28	0.849	ACCEPT_PM	2016 ND 154
16765	5	0	OK	31	0.875	ACCEPT_PM	2016 ND 148
16780	5	0	OK	38	0.915	ACCEPT_PM	2016 ND 172
16798	5	0	OK	19	0.892	ACCEPT_PM	2016 ND 197
17084	5	0	OK	33	0.877	ACCEPT_PM	2017 ND 240
13215	4	0	OK	61	0.876	ACCEPT_PM	2000 ND 154
13603	4	0	OK	41	0.855	ACCEPT_PM	2002 ND 121
14258	4	0	OK	30	0.868	ACCEPT_PM	2005 ND 105
16604	4	0	OK	15	0.847	ACCEPT_PM	2015 ND 250
16623	4	0	OK	43	0.854	ACCEPT_PM	2015 ND 285
16630	4	0	OK	20	0.838	ACCEPT_PM	2015 ND 299
16687	4	0	OK	21	0.843	ACCEPT_PM	2016 ND 66
16691	4	0	OK	16	0.868	ACCEPT_PM	2016 ND 62
16714	4	0	OK	72	0.935	ACCEPT_PM	2016 ND 104
16729	4	0	OK	24	0.872	ACCEPT_PM	2016 ND 106
16732	4	0	OK	33	0.861	ACCEPT_PM	2016 ND 113
16733	4	0	OK	27	0.883	ACCEPT_PM	2016 ND 114
16743	4	0	OK	18	0.847	ACCEPT_PM	2016 ND 139
16744	4	0	OK	19	0.846	ACCEPT_PM	2016 ND 116
16768	4	0	OK	22	0.831	ACCEPT_PM	2016 ND 158
16782	4	0	OK	14	0.797	ACCEPT_PM	2016 ND 173
16784	4	0	OK	30	0.931	ACCEPT_PM	2016 ND 175
16807	4	0	OK	63	0.928	ACCEPT_PM	2016 ND 215
17075	4	0	OK	17	0.874	ACCEPT_PM	2017 ND 245
17078	4	0	OK	36	0.919	ACCEPT_PM	2017 ND 242
12590	3	0	OK	19	0.828	ACCEPT_PM	1998 ND 37
12691	3	0	OK	30	0.869	ACCEPT_PM	1998 ND 116
12714	3	0	OK	31	0.837	ACCEPT_PM	1998 ND 135
12715	3	0	OK	40	0.842	ACCEPT_PM	1998 ND 133
13086	3	0	OK	26	0.901	ACCEPT_PM	2000 ND 26
13192	3	0	OK	22	0.898	ACCEPT_PM	2000 ND 132
13225	3	0	OK	30	0.859	ACCEPT_PM	2000 ND 151
13240	3	0	OK	166	0.914	ACCEPT_PM	2000 ND 170
13439	3	0	OK	36	0.889	ACCEPT_PM	2001 ND 148
13615	3	0	OK	33	0.841	ACCEPT_PM	2002 ND 136
13994	3	0	OK	36	0.9	ACCEPT_PM	2004 ND 77
14063	3	0	OK	37	0.877	ACCEPT_PM	2004 ND 127
14098	3	0	OK	18	0.85	ACCEPT_PM	2004 ND 167
14101	3	0	OK	39	0.894	ACCEPT_PM	2004 ND 174
14173	3	0	OK	30	0.875	ACCEPT_PM	2005 ND 22
14253	3	0	OK	13	0.815	ACCEPT_PM	2005 ND 107
14685	3	0	OK	48	0.897	ACCEPT_PM	2007 ND 9
15864	3	0	OK	67	0.927	ACCEPT_PM	2012 ND 123
16037	3	0	OK	40	0.892	ACCEPT_PM	2013 ND 71
16416	3	0	OK	24	0.893	ACCEPT_PM	2015 ND 39
16597	3	0	OK	19	0.886	ACCEPT_PM	2015 ND 233
16606	3	0	OK	19	0.868	ACCEPT_PM	2015 ND 255
16609	3	0	OK	14	0.823	ACCEPT_PM	2015 ND 272
16619	3	0	OK	32	0.889	ACCEPT_PM	2015 ND 270
16625	3	0	OK	25	0.86	ACCEPT_PM	2015 ND 287
16636	3	0	OK	36	0.858	ACCEPT_PM	2015 ND 302
16651	3	0	OK	30	0.873	ACCEPT_PM	2016 ND 19
16658	3	0	OK	19	0.816	ACCEPT_PM	2016 ND 37
16664	3	0	OK	15	0.913	ACCEPT_PM	2016 ND 31
16681	3	0	OK	24	0.845	ACCEPT_PM	2016 ND 69
16690	3	0	OK	13	0.804	ACCEPT_PM	2016 ND 64
16684	3	0	OK	16	0.868	ACCEPT_PM	2016 ND 71
16695	3	0	OK	33	0.844	ACCEPT_PM	2016 ND 77
16700	3	0	OK	36	0.824	ACCEPT_PM	2016 ND 76
16699	3	0	OK	30	0.855	ACCEPT_PM	2016 ND 84
16706	3	0	OK	23	0.894	ACCEPT_PM	2016 ND 96
16707	3	0	OK	28	0.891	ACCEPT_PM	2016 ND 102
16731	3	0	OK	20	0.845	ACCEPT_PM	2016 ND 111
16751	3	0	OK	16	0.85	ACCEPT_PM	2016 ND 142
16777	3	0	OK	29	0.866	ACCEPT_PM	2016 ND 168
16791	3	0	OK	34	0.883	ACCEPT_PM	2016 ND 187
16799	3	0	OK	16	0.867	ACCEPT_PM	2016 ND 210
16810	3	0	OK	20	0.892	ACCEPT_PM	2016 ND 229
16811	3	0	OK	32	0.843	ACCEPT_PM	2016 ND 231
16816	3	0	OK	21	0.895	ACCEPT_PM	2016 ND 225
16819	3	0	OK	19	0.843	ACCEPT_PM	2016 ND 249
16824	3	0	OK	33	0.9	ACCEPT_PM	2016 ND 246
17024	3	0	OK	30	0.915	ACCEPT_PM	2017 ND 205
17067	3	0	OK	32	0.873	ACCEPT_PM	2017 ND 231
17050	3	0	OK	23	0.875	ACCEPT_PM	2017 ND 251
17074	3	0	OK	23	0.895	ACCEPT_PM	2017 ND 254
17066	3	0	OK	34	0.854	ACCEPT_PM	2017 ND 263
17077	3	0	OK	24	0.857	ACCEPT_PM	2017 ND 269
17082	3	0	OK	16	0.883	ACCEPT_PM	2017 ND 271
17086	3	0	OK	37	0.927	ACCEPT_PM	2017 ND 282
12553	2	0	GAPS	30	0.807	NEEDS_MARKER	1997 ND 207
12554	2	0	OK	21	0.674	ACCEPT_PM	1997 ND 212
12613	2	0	OK	41	0.868	ACCEPT_PM	1998 ND 42
12727	2	0	OK	26	0.779	ACCEPT_PM	1998 ND 144
12750	2	0	OK	33	0.888	ACCEPT_PM	1998 ND 157
12846	2	0	OK	32	0.876	ACCEPT_PM	1999 ND 50
12906	2	0	OK	20	0.9	ACCEPT_PM	1999 ND 102
12907	2	0	OK	21	0.824	ACCEPT_PM	1999 ND 115
12915	2	0	OK	49	0.914	ACCEPT_PM	1999 ND 118
13017	2	0	OK	27	0.865	ACCEPT_PM	1999 ND 200
13027	2	0	OK	33	0.895	ACCEPT_PM	1999 ND 223
13028	2	0	OK	13	0.843	ACCEPT_PM	1999 ND 217
13049	2	0	OK	46	0.517	ACCEPT_PM	1999 ND 226
13078	2	0	OK	10	0.788	ACCEPT_PM	2000 ND 27
13081	2	0	OK	31	0.875	ACCEPT_PM	2000 ND 20
13082	2	0	OK	41	0.887	ACCEPT_PM	2000 ND 33
13117	2	0	OK	44	0.882	ACCEPT_PM	2000 ND 61
13155	2	0	OK	24	0.84	ACCEPT_PM	2000 ND 95
13167	2	0	OK	17	0.876	ACCEPT_PM	2000 ND 109
13170	2	0	OK	18	0.87	ACCEPT_PM	2000 ND 105
13172	2	0	OK	58	0.926	ACCEPT_PM	2000 ND 113
13184	2	0	OK	32	0.835	ACCEPT_PM	2000 ND 123
13210	2	0	OK	32	0.869	ACCEPT_PM	2000 ND 148
13220	2	0	OK	13	0.815	ACCEPT_PM	2000 ND 155
13312	2	0	OK	28	0.884	ACCEPT_PM	2001 ND 34
13348	2	0	OK	40	0.894	ACCEPT_PM	2001 ND 66
13437	2	0	OK	32	0.899	ACCEPT_PM	2001 ND 152
13462	2	0	OK	28	0.88	ACCEPT_PM	2001 ND 192
13517	2	0	OK	18	0.791	ACCEPT_PM	2002 ND 26
13534	2	0	OK	57	0.898	ACCEPT_PM	2002 ND 37
13579	2	0	OK	32	0.899	ACCEPT_PM	2002 ND 80
13639	2	0	OK	37	0.908	ACCEPT_PM	2002 ND 138
13640	2	0	OK	48	0.898	ACCEPT_PM	2002 ND 139
13648	2	0	OK	28	0.907	ACCEPT_PM	2002 ND 144
13680	2	0	OK	36	0.894	ACCEPT_PM	2002 ND 185
13711	2	0	OK	10	0.752	ACCEPT_PM	2003 ND 5
13798	2	0	OK	35	0.892	ACCEPT_PM	2003 ND 68
13831	2	0	OK	26	0.892	ACCEPT_PM	2003 ND 119
13847	2	0	OK	26	0.875	ACCEPT_PM	2003 ND 128
13854	2	0	OK	38	0.873	ACCEPT_PM	2003 ND 132
13892	2	0	OK	36	0.863	ACCEPT_PM	2003 ND 164
13941	2	0	OK	59	0.911	ACCEPT_PM	2004 ND 15
13942	2	0	OK	36	0.88	ACCEPT_PM	2004 ND 14
13951	2	0	OK	27	0.859	ACCEPT_PM	2004 ND 25
13954	2	0	OK	11	0.814	ACCEPT_PM	2004 ND 28
13984	2	0	OK	36	0.852	ACCEPT_PM	2004 ND 47
13996	2	0	OK	29	0.913	ACCEPT_PM	2004 ND 82
14045	2	0	OK	20	0.875	ACCEPT_PM	2004 ND 119
14053	2	0	OK	46	0.932	ACCEPT_PM	2004 ND 126
14067	2	0	OK	23	0.887	ACCEPT_PM	2004 ND 132
14100	2	0	OK	49	0.885	ACCEPT_PM	2004 ND 173
14202	2	0	OK	26	0.886	ACCEPT_PM	2005 ND 41
14198	2	0	OK	21	0.827	ACCEPT_PM	2005 ND 54
14208	2	0	OK	39	0.896	ACCEPT_PM	2005 ND 47
14237	2	0	OK	19	0.887	ACCEPT_PM	2005 ND 84
14251	2	0	OK	20	0.89	ACCEPT_PM	2005 ND 98
14252	2	0	OK	19	0.867	ACCEPT_PM	2005 ND 102
14254	2	0	OK	40	0.866	ACCEPT_PM	2005 ND 104
14259	2	0	OK	28	0.89	ACCEPT_PM	2005 ND 103
14273	2	0	OK	22	0.879	ACCEPT_PM	2005 ND 112
14348	2	0	OK	24	0.89	ACCEPT_PM	2005 ND 171
14408	2	0	OK	44	0.878	ACCEPT_PM	2006 ND 10
14473	2	0	OK	18	0.851	ACCEPT_PM	2006 ND 68
14493	2	0	OK	31	0.897	ACCEPT_PM	2006 ND 82
14530	2	0	OK	35	0.905	ACCEPT_PM	2006 ND 118
14684	2	0	OK	24	0.926	ACCEPT_PM	2007 ND 8
14688	2	0	OK	24	0.886	ACCEPT_PM	2007 ND 15
14809	2	0	OK	26	0.886	ACCEPT_PM	2007 ND 143
14810	2	0	OK	23	0.915	ACCEPT_PM	2007 ND 147
14842	2	0	OK	24	0.897	ACCEPT_PM	2007 ND 164
14841	2	0	OK	62	0.917	ACCEPT_PM	2007 ND 179
15254	2	0	OK	19	0.875	ACCEPT_PM	2009 ND 146
15279	2	0	OK	31	0.932	ACCEPT_PM	2009 ND 163
15512	2	0	OK	28	0.87	ACCEPT_PM	2010 ND 198
15789	2	0	OK	20	0.86	ACCEPT_PM	2011 ND 215
15800	2	0	OK	25	0.862	ACCEPT_PM	2012 ND 34
15875	2	0	OK	17	0.867	ACCEPT_PM	2012 ND 142
15941	2	0	OK	41	0.906	ACCEPT_PM	2012 ND 197
16015	2	0	OK	12	0.777	ACCEPT_PM	2013 ND 55
16041	2	0	OK	32	0.831	ACCEPT_PM	2013 ND 68
16121	2	0	OK	63	0.922	ACCEPT_PM	2013 ND 174
16182	2	0	OK	38	0.907	ACCEPT_PM	2013 ND 235
16268	2	0	OK	49	0.904	ACCEPT_PM	2014 ND 95
16271	2	0	OK	29	0.884	ACCEPT_PM	2014 ND 104
16276	2	0	OK	87	0.874	ACCEPT_PM	2014 ND 101
16292	2	0	OK	46	0.944	ACCEPT_PM	2014 ND 123
16299	2	0	OK	31	0.917	ACCEPT_PM	2014 ND 146
16346	2	0	OK	52	0.94	ACCEPT_PM	2014 ND 168
16398	2	0	OK	23	0.84	ACCEPT_PM	2015 ND 14
16419	2	0	OK	24	0.892	ACCEPT_PM	2015 ND 44
16497	2	0	OK	55	0.943	ACCEPT_PM	2015 ND 118
16553	2	0	OK	36	0.938	ACCEPT_PM	2015 ND 205
16565	2	0	OK	37	0.878	ACCEPT_PM	2015 ND 216
16567	2	0	OK	25	0.886	ACCEPT_PM	2015 ND 220
16576	2	0	OK	31	0.887	ACCEPT_PM	2015 ND 228
16612	2	0	OK	32	0.866	ACCEPT_PM	2015 ND 268
16613	2	0	OK	15	0.835	ACCEPT_PM	2015 ND 274
16615	2	0	OK	29	0.87	ACCEPT_PM	2015 ND 275
16617	2	0	OK	16	0.868	ACCEPT_PM	2015 ND 278
16635	2	0	OK	17	0.825	ACCEPT_PM	2015 ND 297
16641	2	0	OK	14	0.863	ACCEPT_PM	2016 ND 11
16650	2	0	OK	22	0.872	ACCEPT_PM	2016 ND 18
16660	2	0	OK	32	0.896	ACCEPT_PM	2016 ND 32
16665	2	0	OK	23	0.861	ACCEPT_PM	2016 ND 39
16666	2	0	OK	20	0.804	ACCEPT_PM	2016 ND 41
16667	2	0	OK	9	0.851	ACCEPT_PM	2016 ND 38
16668	2	0	OK	19	0.857	ACCEPT_PM	2016 ND 42
16671	2	0	OK	11	0.732	ACCEPT_PM	2016 ND 35
16676	2	0	OK	31	0.909	ACCEPT_PM	2016 ND 53
16677	2	0	OK	15	0.812	ACCEPT_PM	2016 ND 68
16688	2	0	OK	25	0.91	ACCEPT_PM	2016 ND 61
16689	2	0	OK	19	0.882	ACCEPT_PM	2016 ND 65
16692	2	0	OK	29	0.877	ACCEPT_PM	2016 ND 67
16703	2	0	OK	22	0.883	ACCEPT_PM	2016 ND 81
16709	2	0	OK	37	0.838	ACCEPT_PM	2016 ND 95
16711	2	0	OK	18	0.829	ACCEPT_PM	2016 ND 93
16713	2	0	OK	20	0.851	ACCEPT_PM	2016 ND 90
16730	2	0	OK	20	0.866	ACCEPT_PM	2016 ND 110
16735	2	0	OK	13	0.819	ACCEPT_PM	2016 ND 129
16738	2	0	OK	18	0.853	ACCEPT_PM	2016 ND 138
16754	2	0	OK	20	0.887	ACCEPT_PM	2016 ND 152
16759	2	0	OK	19	0.855	ACCEPT_PM	2016 ND 150
16760	2	0	OK	18	0.827	ACCEPT_PM	2016 ND 149
16776	2	0	OK	14	0.814	ACCEPT_PM	2016 ND 167
16778	2	0	OK	27	0.842	ACCEPT_PM	2016 ND 169
16785	2	0	OK	30	0.86	ACCEPT_PM	2016 ND 176
16796	2	0	OK	14	0.822	ACCEPT_PM	2016 ND 190
16797	2	0	OK	29	0.923	ACCEPT_PM	2016 ND 194
16805	2	0	OK	22	0.902	ACCEPT_PM	2016 ND 192
16806	2	0	OK	19	0.842	ACCEPT_PM	2016 ND 213
16809	2	0	OK	9	0.795	ACCEPT_PM	2016 ND 230
16814	2	0	OK	39	0.854	ACCEPT_PM	2016 ND 234
16815	2	0	OK	25	0.856	ACCEPT_PM	2016 ND 253
16820	2	0	OK	16	0.942	ACCEPT_PM	2016 ND 251
16823	2	0	OK	22	0.868	ACCEPT_PM	2016 ND 247
16827	2	0	OK	41	0.945	ACCEPT_PM	2016 ND 240
16860	2	0	OK	42	0.891	ACCEPT_PM	2017 ND 34
16871	2	0	OK	28	0.901	ACCEPT_PM	2017 ND 49
16973	2	0	OK	31	0.931	ACCEPT_PM	2017 ND 176
16985	2	0	OK	34	0.912	ACCEPT_PM	2017 ND 174
16997	2	0	OK	34	0.933	ACCEPT_PM	2017 ND 186
17025	2	0	OK	21	0.885	ACCEPT_PM	2017 ND 213
17026	2	0	OK	19	0.784	ACCEPT_PM	2017 ND 207
17027	2	0	OK	26	0.898	ACCEPT_PM	2017 ND 211
17038	2	0	OK	11	0.772	ACCEPT_PM	2017 ND 230
17053	2	0	OK	23	0.921	ACCEPT_PM	2017 ND 241
17083	2	0	OK	12	0.856	ACCEPT_PM	2017 ND 248
17081	2	0	OK	14	0.887	ACCEPT_PM	2017 ND 267
17089	2	0	OK	59	0.946	ACCEPT_PM	2017 ND 284
17105	2	0	OK	18	0.881	ACCEPT_PM	2017 ND 291
12410	1	0	NONE	0	0.0	REVIEW	1997 ND 58
12460	1	0	OK	46	0.917	ACCEPT_PM	1997 ND 110
12536	1	0	NONE	0	0.772	ACCEPT_PM	1997 ND 170
12530	1	0	OK	20	0.863	ACCEPT_PM	1997 ND 192
12535	1	0	OK	22	0.854	ACCEPT_PM	1997 ND 187
12540	1	0	OK	19	0.882	ACCEPT_PM	1997 ND 197
12541	1	0	OK	12	0.832	ACCEPT_PM	1997 ND 210
12556	1	0	GAPS	31	0.782	NEEDS_MARKER	1997 ND 213
12564	1	0	OK	68	0.881	ACCEPT_PM	1997 ND 205
12572	1	0	GAPS	30	0.86	NEEDS_MARKER	1997 ND 228
12582	1	0	OK	26	0.845	ACCEPT_PM	1997 ND 238
12586	1	0	OK	28	0.864	ACCEPT_PM	1998 ND 8
12591	1	0	OK	22	0.858	ACCEPT_PM	1998 ND 9
12594	1	0	OK	31	0.879	ACCEPT_PM	1998 ND 5
12605	1	0	GAPS	32	0.823	NEEDS_MARKER	1998 ND 17
12606	1	0	OK	12	0.82	ACCEPT_PM	1998 ND 19
12608	1	0	GAPS	50	0.865	NEEDS_MARKER	1998 ND 24
12589	1	0	OK	39	0.891	ACCEPT_PM	1998 ND 25
12614	1	0	OK	30	0.875	ACCEPT_PM	1998 ND 51
12615	1	0	OK	16	0.823	ACCEPT_PM	1998 ND 49
12617	1	0	GAPS	32	0.855	NEEDS_MARKER	1998 ND 45
12619	1	0	OK	14	0.842	ACCEPT_PM	1998 ND 54
12634	1	0	OK	62	0.859	ACCEPT_PM	1998 ND 46
12642	1	0	OK	20	0.798	ACCEPT_PM	1998 ND 61
12647	1	0	OK	27	0.867	ACCEPT_PM	1998 ND 71
12654	1	0	OK	31	0.842	ACCEPT_PM	1998 ND 76
12661	1	0	OK	18	0.871	ACCEPT_PM	1998 ND 86
12671	1	0	OK	30	0.882	ACCEPT_PM	1998 ND 103
12684	1	0	OK	59	0.874	ACCEPT_PM	1998 ND 121
12690	1	0	OK	40	0.869	ACCEPT_PM	1998 ND 118
12692	1	0	OK	37	0.857	ACCEPT_PM	1998 ND 109
12708	1	0	OK	15	0.841	ACCEPT_PM	1998 ND 123
12716	1	0	OK	47	0.894	ACCEPT_PM	1998 ND 128
12718	1	0	OK	21	0.855	ACCEPT_PM	1998 ND 131
12724	1	0	OK	24	0.644	ACCEPT_PM	1998 ND 140
12731	1	0	OK	20	0.837	ACCEPT_PM	1998 ND 152
12733	1	0	OK	32	0.858	ACCEPT_PM	1998 ND 151
12736	1	0	GAPS	30	0.036	NEEDS_MARKER	1998 ND 153
12737	1	0	OK	24	0.864	ACCEPT_PM	1998 ND 149
12740	1	0	OK	26	0.8	ACCEPT_PM	1998 ND 158
12759	1	0	OK	57	0.891	ACCEPT_PM	1998 ND 169
12765	1	0	OK	21	0.883	ACCEPT_PM	1998 ND 164
12758	1	0	OK	23	0.833	ACCEPT_PM	1998 ND 175
12761	1	0	OK	24	0.886	ACCEPT_PM	1998 ND 177
12767	1	0	OK	18	0.865	ACCEPT_PM	1998 ND 190
12775	1	0	OK	15	0.817	ACCEPT_PM	1998 ND 199
12792	1	0	OK	16	0.858	ACCEPT_PM	1998 ND 219
12800	1	0	OK	36	0.844	ACCEPT_PM	1998 ND 228
12801	1	0	OK	56	0.872	ACCEPT_PM	1999 ND 1
12807	1	0	OK	32	0.88	ACCEPT_PM	1999 ND 3
13160	1	0	OK	7	0.732	ACCEPT_PM	1999 ND 82
12904	1	0	OK	34	0.903	ACCEPT_PM	1999 ND 105
12910	1	0	OK	21	0.87	ACCEPT_PM	1999 ND 104
12925	1	0	OK	23	0.872	ACCEPT_PM	1999 ND 120
12920	1	0	OK	36	0.893	ACCEPT_PM	1999 ND 126
12921	1	0	OK	16	0.822	ACCEPT_PM	1999 ND 127
12923	1	0	OK	18	0.824	ACCEPT_PM	1999 ND 131
12926	1	0	OK	32	0.86	ACCEPT_PM	1999 ND 125
12930	1	0	OK	45	0.858	ACCEPT_PM	1999 ND 134
12965	1	0	OK	30	0.865	ACCEPT_PM	1999 ND 130
12933	1	0	OK	17	0.801	ACCEPT_PM	1999 ND 139
12935	1	0	OK	20	0.85	ACCEPT_PM	1999 ND 142
12939	1	0	OK	29	0.825	ACCEPT_PM	1999 ND 153
12942	1	0	OK	38	0.899	ACCEPT_PM	1999 ND 148
12957	1	0	OK	11	0.784	ACCEPT_PM	1999 ND 162
12959	1	0	OK	18	0.828	ACCEPT_PM	1999 ND 170
12962	1	0	OK	18	0.821	ACCEPT_PM	1999 ND 172
12963	1	0	OK	18	0.865	ACCEPT_PM	1999 ND 169
12970	1	0	OK	49	0.883	ACCEPT_PM	1999 ND 174
12977	1	0	OK	32	0.902	ACCEPT_PM	1999 ND 180
13005	1	0	OK	39	0.905	ACCEPT_PM	1999 ND 199
13009	1	0	OK	21	0.88	ACCEPT_PM	1999 ND 193
13019	1	0	OK	22	0.876	ACCEPT_PM	1999 ND 204
13029	1	0	OK	33	0.888	ACCEPT_PM	1999 ND 216
13033	1	0	OK	20	0.853	ACCEPT_PM	1999 ND 213
13043	1	0	OK	20	0.839	ACCEPT_PM	1999 ND 241
13044	1	0	OK	13	0.816	ACCEPT_PM	1999 ND 232
13046	1	0	OK	14	0.866	ACCEPT_PM	1999 ND 234
13056	1	0	OK	19	0.821	ACCEPT_PM	1999 ND 239
13057	1	0	OK	24	0.85	ACCEPT_PM	1999 ND 246
13062	1	0	OK	20	0.867	ACCEPT_PM	2000 ND 7
13064	1	0	OK	24	0.86	ACCEPT_PM	2000 ND 13
13076	1	0	OK	41	0.862	ACCEPT_PM	2000 ND 25
13084	1	0	OK	22	0.884	ACCEPT_PM	2000 ND 30
13087	1	0	OK	22	0.878	ACCEPT_PM	2000 ND 32
13090	1	0	OK	29	0.869	ACCEPT_PM	2000 ND 22
13095	1	0	OK	49	0.896	ACCEPT_PM	2000 ND 43
13099	1	0	OK	16	0.821	ACCEPT_PM	2000 ND 42
13103	1	0	OK	16	0.785	ACCEPT_PM	2000 ND 52
13104	1	0	OK	31	0.867	ACCEPT_PM	2000 ND 47
13108	1	0	OK	13	0.828	ACCEPT_PM	2000 ND 55
13111	1	0	OK	24	0.774	ACCEPT_PM	2000 ND 58
13113	1	0	OK	15	0.859	ACCEPT_PM	2000 ND 44
13116	1	0	GAPS	44	0.89	NEEDS_MARKER	2000 ND 60
13120	1	0	OK	36	0.886	ACCEPT_PM	2000 ND 64
13129	1	0	OK	14	0.856	ACCEPT_PM	2000 ND 82
13154	1	0	OK	13	0.884	ACCEPT_PM	2000 ND 91
13156	1	0	OK	14	0.833	ACCEPT_PM	2000 ND 94
13161	1	0	OK	30	0.887	ACCEPT_PM	2000 ND 96
13163	1	0	OK	36	0.862	ACCEPT_PM	2000 ND 104
13164	1	0	OK	15	0.823	ACCEPT_PM	2000 ND 107
13165	1	0	OK	14	0.856	ACCEPT_PM	2000 ND 110
13173	1	0	OK	24	0.881	ACCEPT_PM	2000 ND 103
13177	1	0	OK	26	0.881	ACCEPT_PM	2000 ND 114
13185	1	0	OK	27	0.863	ACCEPT_PM	2000 ND 124
13191	1	0	OK	16	0.851	ACCEPT_PM	2000 ND 133
13193	1	0	OK	35	0.892	ACCEPT_PM	2000 ND 129
13197	1	0	OK	21	0.88	ACCEPT_PM	2000 ND 131
13198	1	0	OK	31	0.9	ACCEPT_PM	2000 ND 134
13208	1	0	OK	26	0.863	ACCEPT_PM	2000 ND 143
13211	1	0	OK	31	0.881	ACCEPT_PM	2000 ND 150
13216	1	0	OK	16	0.85	ACCEPT_PM	2000 ND 160
13217	1	0	OK	8	0.786	ACCEPT_PM	2000 ND 153
13222	1	0	OK	34	0.893	ACCEPT_PM	2000 ND 156
13224	1	0	OK	12	0.818	ACCEPT_PM	2000 ND 157
13236	1	0	OK	17	0.842	ACCEPT_PM	2000 ND 177
13238	1	0	OK	43	0.905	ACCEPT_PM	2000 ND 179
13239	1	0	OK	29	0.851	ACCEPT_PM	2000 ND 178
13242	1	0	OK	20	0.893	ACCEPT_PM	2000 ND 184
13248	1	0	OK	23	0.885	ACCEPT_PM	2000 ND 183
13249	1	0	OK	21	0.832	ACCEPT_PM	2000 ND 186
13250	1	0	OK	24	0.84	ACCEPT_PM	2000 ND 190
13251	1	0	OK	27	0.874	ACCEPT_PM	2000 ND 192
13254	1	0	OK	41	0.896	ACCEPT_PM	2000 ND 208
13259	1	0	OK	57	0.902	ACCEPT_PM	2000 ND 204
13275	1	0	OK	16	0.861	ACCEPT_PM	2000 ND 214
13284	1	0	OK	15	0.851	ACCEPT_PM	2000 ND 217
13294	1	0	OK	19	0.847	ACCEPT_PM	2001 ND 11
13295	1	0	OK	43	0.902	ACCEPT_PM	2001 ND 4
13309	1	0	OK	3	0.532	ACCEPT_PM	2001 ND 18
13310	1	0	OK	21	0.834	ACCEPT_PM	2001 ND 19
13311	1	0	OK	28	0.877	ACCEPT_PM	2001 ND 35
13313	1	0	OK	24	0.864	ACCEPT_PM	2001 ND 28
13315	1	0	OK	20	0.901	ACCEPT_PM	2001 ND 32
13323	1	0	OK	27	0.86	ACCEPT_PM	2001 ND 37
13335	1	0	OK	39	0.882	ACCEPT_PM	2001 ND 54
13336	1	0	OK	91	0.906	ACCEPT_PM	2001 ND 51
13355	1	0	OK	56	0.864	ACCEPT_PM	2001 ND 62
13351	1	0	OK	17	0.851	ACCEPT_PM	2001 ND 71
13353	1	0	OK	15	0.795	ACCEPT_PM	2001 ND 70
13361	1	0	OK	14	0.857	ACCEPT_PM	2001 ND 82
13362	1	0	OK	41	0.902	ACCEPT_PM	2001 ND 83
13374	1	0	OK	20	0.871	ACCEPT_PM	2001 ND 97
13375	1	0	OK	40	0.883	ACCEPT_PM	2001 ND 92
13377	1	0	OK	21	0.834	ACCEPT_PM	2001 ND 94
13382	1	0	OK	27	0.854	ACCEPT_PM	2001 ND 96
13428	1	0	OK	25	0.87	ACCEPT_PM	2001 ND 144
13438	1	0	OK	51	0.921	ACCEPT_PM	2001 ND 146
13465	1	0	OK	58	0.877	ACCEPT_PM	2001 ND 193
13466	1	0	OK	20	0.884	ACCEPT_PM	2001 ND 183
13478	1	0	OK	15	0.836	ACCEPT_PM	2001 ND 206
13479	1	0	OK	17	0.862	ACCEPT_PM	2001 ND 203
13491	1	0	OK	29	0.866	ACCEPT_PM	2001 ND 209
13494	1	0	OK	26	0.865	ACCEPT_PM	2002 ND 1
13511	1	0	OK	50	0.915	ACCEPT_PM	2002 ND 16
13522	1	0	OK	17	0.808	ACCEPT_PM	2002 ND 22
13535	1	0	OK	25	0.889	ACCEPT_PM	2002 ND 36
13543	1	0	OK	19	0.872	ACCEPT_PM	2002 ND 44
13544	1	0	OK	24	0.888	ACCEPT_PM	2002 ND 48
13551	1	0	OK	14	0.845	ACCEPT_PM	2002 ND 51
13548	1	0	OK	33	0.913	ACCEPT_PM	2002 ND 53
13555	1	0	OK	27	0.845	ACCEPT_PM	2002 ND 61
13572	1	0	OK	33	0.831	ACCEPT_PM	2002 ND 77
13573	1	0	OK	25	0.886	ACCEPT_PM	2002 ND 82
13581	1	0	OK	23	0.852	ACCEPT_PM	2002 ND 97
13583	1	0	OK	17	0.876	ACCEPT_PM	2002 ND 96
13590	1	0	OK	12	0.849	ACCEPT_PM	2002 ND 110
13595	1	0	OK	24	0.889	ACCEPT_PM	2002 ND 102
13596	1	0	OK	16	0.832	ACCEPT_PM	2002 ND 104
13600	1	0	OK	28	0.852	ACCEPT_PM	2002 ND 113
13601	1	0	OK	37	0.848	ACCEPT_PM	2002 ND 117
13605	1	0	OK	26	0.921	ACCEPT_PM	2002 ND 126
13607	1	0	OK	21	0.845	ACCEPT_PM	2002 ND 133
13613	1	0	OK	53	0.877	ACCEPT_PM	2002 ND 125
13614	1	0	OK	21	0.865	ACCEPT_PM	2002 ND 134
13643	1	0	OK	17	0.84	ACCEPT_PM	2002 ND 143
13644	1	0	OK	21	0.878	ACCEPT_PM	2002 ND 146
13646	1	0	OK	31	0.871	ACCEPT_PM	2002 ND 141
13651	1	0	OK	10	0.813	ACCEPT_PM	2002 ND 152
13660	1	0	OK	13	0.833	ACCEPT_PM	2002 ND 161
13663	1	0	OK	33	0.901	ACCEPT_PM	2002 ND 159
13671	1	0	OK	74	0.896	ACCEPT_PM	2002 ND 175
13675	1	0	OK	19	0.847	ACCEPT_PM	2002 ND 174
13678	1	0	OK	15	0.872	ACCEPT_PM	2002 ND 194
13679	1	0	OK	27	0.889	ACCEPT_PM	2002 ND 193
13686	1	0	OK	29	0.881	ACCEPT_PM	2002 ND 188
13692	1	0	OK	16	0.848	ACCEPT_PM	2002 ND 196
13695	1	0	OK	27	0.876	ACCEPT_PM	2002 ND 203
13698	1	0	OK	17	0.887	ACCEPT_PM	2002 ND 207
13700	1	0	OK	20	0.847	ACCEPT_PM	2002 ND 204
13712	1	0	OK	26	0.813	ACCEPT_PM	2003 ND 1
13702	1	0	OK	10	0.86	ACCEPT_PM	2003 ND 4
13704	1	0	OK	25	0.865	ACCEPT_PM	2003 ND 7
13718	1	0	OK	15	0.851	ACCEPT_PM	2003 ND 10
13724	1	0	OK	12	0.854	ACCEPT_PM	2003 ND 17
13727	1	0	OK	17	0.864	ACCEPT_PM	2003 ND 19
13743	1	0	OK	23	0.888	ACCEPT_PM	2003 ND 36
13750	1	0	OK	19	0.885	ACCEPT_PM	2003 ND 48
13752	1	0	OK	21	0.849	ACCEPT_PM	2003 ND 42
13757	1	0	OK	41	0.891	ACCEPT_PM	2003 ND 41
13759	1	0	OK	21	0.838	ACCEPT_PM	2003 ND 52
13762	1	0	OK	6	0.738	ACCEPT_PM	2003 ND 54
13764	1	0	OK	42	0.892	ACCEPT_PM	2003 ND 60
13795	1	0	OK	24	0.892	ACCEPT_PM	2003 ND 69
13796	1	0	OK	15	0.835	ACCEPT_PM	2003 ND 78
13797	1	0	OK	26	0.847	ACCEPT_PM	2003 ND 72
13800	1	0	OK	32	0.885	ACCEPT_PM	2003 ND 81
13809	1	0	OK	21	0.86	ACCEPT_PM	2003 ND 86
13812	1	0	OK	26	0.889	ACCEPT_PM	2003 ND 91
13811	1	0	OK	27	0.88	ACCEPT_PM	2003 ND 90
13814	1	0	OK	13	0.824	ACCEPT_PM	2003 ND 95
13818	1	0	OK	13	0.831	ACCEPT_PM	2003 ND 100
13821	1	0	OK	21	0.864	ACCEPT_PM	2003 ND 97
13828	1	0	OK	13	0.831	ACCEPT_PM	2003 ND 118
13837	1	0	OK	16	0.854	ACCEPT_PM	2003 ND 116
13838	1	0	OK	17	0.88	ACCEPT_PM	2003 ND 111
13844	1	0	OK	18	0.864	ACCEPT_PM	2003 ND 122
13855	1	0	OK	24	0.898	ACCEPT_PM	2003 ND 135
13858	1	0	OK	14	0.865	ACCEPT_PM	2003 ND 133
13863	1	0	OK	32	0.855	ACCEPT_PM	2003 ND 140
13862	1	0	OK	30	0.834	ACCEPT_PM	2003 ND 141
13890	1	0	OK	8	0.781	ACCEPT_PM	2003 ND 163
13891	1	0	OK	18	0.841	ACCEPT_PM	2003 ND 168
13895	1	0	OK	23	0.851	ACCEPT_PM	2003 ND 172
13906	1	0	OK	15	0.843	ACCEPT_PM	2003 ND 188
13911	1	0	OK	20	0.87	ACCEPT_PM	2003 ND 185
13912	1	0	OK	35	0.851	ACCEPT_PM	2003 ND 187
13916	1	0	OK	19	0.84	ACCEPT_PM	2003 ND 197
13920	1	0	OK	15	0.846	ACCEPT_PM	2003 ND 195
13934	1	0	OK	25	0.869	ACCEPT_PM	2003 ND 202
13949	1	0	OK	6	0.695	ACCEPT_PM	2004 ND 18
13945	1	0	OK	19	0.904	ACCEPT_PM	2004 ND 26
13955	1	0	OK	30	0.896	ACCEPT_PM	2004 ND 23
13962	1	0	OK	40	0.883	ACCEPT_PM	2004 ND 43
13985	1	0	OK	21	0.868	ACCEPT_PM	2004 ND 51
13974	1	0	OK	31	0.877	ACCEPT_PM	2004 ND 60
13980	1	0	OK	16	0.879	ACCEPT_PM	2004 ND 58
13997	1	0	OK	55	0.879	ACCEPT_PM	2004 ND 73
14000	1	0	OK	25	0.879	ACCEPT_PM	2004 ND 81
14001	1	0	OK	26	0.886	ACCEPT_PM	2004 ND 80
14004	1	0	OK	31	0.824	ACCEPT_PM	2004 ND 86
14010	1	0	OK	17	0.849	ACCEPT_PM	2004 ND 92
14042	1	0	OK	37	0.893	ACCEPT_PM	2004 ND 117
14047	1	0	OK	16	0.828	ACCEPT_PM	2004 ND 107
14046	1	0	OK	23	0.904	ACCEPT_PM	2004 ND 120
14054	1	0	OK	16	0.819	ACCEPT_PM	2004 ND 129
14056	1	0	OK	18	0.862	ACCEPT_PM	2004 ND 125
14060	1	0	OK	12	0.836	ACCEPT_PM	2004 ND 135
14061	1	0	OK	18	0.77	ACCEPT_PM	2004 ND 137
14064	1	0	OK	29	0.89	ACCEPT_PM	2004 ND 134
14074	1	0	OK	17	0.874	ACCEPT_PM	2004 ND 150
14083	1	0	OK	9	0.741	ACCEPT_PM	2004 ND 159
14084	1	0	OK	45	0.899	ACCEPT_PM	2004 ND 160
14085	1	0	OK	37	0.889	ACCEPT_PM	2004 ND 157
14086	1	0	OK	27	0.897	ACCEPT_PM	2004 ND 162
14092	1	0	OK	14	0.819	ACCEPT_PM	2004 ND 170
14103	1	0	GAPS	29	0.839	NEEDS_MARKER	2004 ND 178
14104	1	0	OK	14	0.77	ACCEPT_PM	2004 ND 179
14107	1	0	OK	25	0.862	ACCEPT_PM	2004 ND 188
14129	1	0	OK	16	0.867	ACCEPT_PM	2004 ND 201
14138	1	0	OK	11	0.846	ACCEPT_PM	2004 ND 218
14164	1	0	OK	12	0.831	ACCEPT_PM	2005 ND 17
14166	1	0	OK	34	0.857	ACCEPT_PM	2005 ND 21
14174	1	0	OK	15	0.845	ACCEPT_PM	2005 ND 12
14176	1	0	OK	28	0.901	ACCEPT_PM	2005 ND 10
14177	1	0	OK	19	0.905	ACCEPT_PM	2005 ND 20
14178	1	0	OK	16	0.806	ACCEPT_PM	2005 ND 18
14180	1	0	OK	18	0.864	ACCEPT_PM	2005 ND 25
14184	1	0	OK	17	0.797	ACCEPT_PM	2005 ND 32
14190	1	0	OK	39	0.894	ACCEPT_PM	2005 ND 35
14194	1	0	OK	26	0.884	ACCEPT_PM	2005 ND 36
14197	1	0	OK	12	0.816	ACCEPT_PM	2005 ND 52
14209	1	0	OK	14	0.777	ACCEPT_PM	2005 ND 51
14222	1	0	OK	46	0.87	ACCEPT_PM	2005 ND 69
14233	1	0	OK	16	0.85	ACCEPT_PM	2005 ND 80
14234	1	0	OK	21	0.853	ACCEPT_PM	2005 ND 79
14244	1	0	OK	17	0.869	ACCEPT_PM	2005 ND 93
14245	1	0	OK	21	0.848	ACCEPT_PM	2005 ND 91
14255	1	0	OK	21	0.856	ACCEPT_PM	2005 ND 101
14260	1	0	OK	18	0.836	ACCEPT_PM	2005 ND 108
14298	1	0	OK	29	0.892	ACCEPT_PM	2005 ND 123
14334	1	0	OK	9	0.763	ACCEPT_PM	2005 ND 156
14345	1	0	OK	37	0.894	ACCEPT_PM	2005 ND 155
14357	1	0	OK	38	0.901	ACCEPT_PM	2005 ND 173
14362	1	0	OK	25	0.894	ACCEPT_PM	2005 ND 192
14367	1	0	OK	16	0.856	ACCEPT_PM	2005 ND 187
14371	1	0	OK	39	0.855	ACCEPT_PM	2005 ND 204
14372	1	0	OK	19	0.845	ACCEPT_PM	2005 ND 202
14384	1	0	OK	22	0.883	ACCEPT_PM	2005 ND 213
14385	1	0	OK	24	0.892	ACCEPT_PM	2005 ND 218
14397	1	0	OK	15	0.831	ACCEPT_PM	2006 ND 28
14398	1	0	OK	15	0.827	ACCEPT_PM	2006 ND 25
14403	1	0	OK	18	0.855	ACCEPT_PM	2006 ND 16
14407	1	0	OK	22	0.844	ACCEPT_PM	2006 ND 24
14424	1	0	OK	19	0.887	ACCEPT_PM	2006 ND 12
14450	1	0	OK	14	0.859	ACCEPT_PM	2006 ND 31
14452	1	0	OK	19	0.857	ACCEPT_PM	2006 ND 33
14456	1	0	OK	24	0.85	ACCEPT_PM	2006 ND 40
14461	1	0	OK	12	0.81	ACCEPT_PM	2006 ND 42
14471	1	0	OK	13	0.846	ACCEPT_PM	2006 ND 61
14475	1	0	OK	15	0.859	ACCEPT_PM	2006 ND 59
14489	1	0	OK	20	0.828	ACCEPT_PM	2006 ND 72
14492	1	0	OK	26	0.891	ACCEPT_PM	2006 ND 76
14495	1	0	OK	45	0.899	ACCEPT_PM	2006 ND 77
14497	1	0	OK	26	0.858	ACCEPT_PM	2006 ND 79
14500	1	0	OK	28	0.907	ACCEPT_PM	2006 ND 85
14512	1	0	OK	27	0.813	ACCEPT_PM	2006 ND 88
14505	1	0	OK	22	0.855	ACCEPT_PM	2006 ND 99
14506	1	0	OK	13	0.776	ACCEPT_PM	2006 ND 102
14507	1	0	OK	11	0.81	ACCEPT_PM	2006 ND 98
14516	1	0	OK	26	0.903	ACCEPT_PM	2006 ND 97
14524	1	0	OK	30	0.87	ACCEPT_PM	2006 ND 110
14545	1	0	OK	20	0.856	ACCEPT_PM	2006 ND 141
14559	1	0	OK	15	0.846	ACCEPT_PM	2006 ND 144
14553	1	0	OK	18	0.822	ACCEPT_PM	2006 ND 157
14605	1	0	OK	40	0.871	ACCEPT_PM	2006 ND 176
14607	1	0	OK	18	0.896	ACCEPT_PM	2006 ND 180
14620	1	0	OK	28	0.851	ACCEPT_PM	2006 ND 183
14609	1	0	OK	18	0.876	ACCEPT_PM	2006 ND 189
14625	1	0	OK	20	0.893	ACCEPT_PM	2006 ND 195
14630	1	0	OK	40	0.909	ACCEPT_PM	2006 ND 211
14631	1	0	OK	31	0.826	ACCEPT_PM	2006 ND 216
14634	1	0	OK	19	0.844	ACCEPT_PM	2006 ND 215
14652	1	0	OK	28	0.88	ACCEPT_PM	2006 ND 240
14672	1	0	OK	10	0.829	ACCEPT_PM	2006 ND 255
14680	1	0	OK	15	0.872	ACCEPT_PM	2007 ND 2
14717	1	0	OK	21	0.837	ACCEPT_PM	2007 ND 42
14738	1	0	OK	29	0.893	ACCEPT_PM	2007 ND 62
14745	1	0	OK	61	0.916	ACCEPT_PM	2007 ND 69
14759	1	0	OK	25	0.873	ACCEPT_PM	2007 ND 80
14775	1	0	OK	26	0.892	ACCEPT_PM	2007 ND 115
14779	1	0	OK	31	0.856	ACCEPT_PM	2007 ND 122
14797	1	0	OK	35	0.9	ACCEPT_PM	2007 ND 135
14804	1	0	OK	38	0.871	ACCEPT_PM	2007 ND 131
14806	1	0	OK	30	0.883	ACCEPT_PM	2007 ND 133
14808	1	0	OK	39	0.918	ACCEPT_PM	2007 ND 142
14814	1	0	OK	16	0.903	ACCEPT_PM	2007 ND 148
14839	1	0	OK	22	0.814	ACCEPT_PM	2007 ND 161
14854	1	0	OK	21	0.885	ACCEPT_PM	2007 ND 197
14860	1	0	OK	35	0.898	ACCEPT_PM	2007 ND 194
14883	1	0	OK	20	0.843	ACCEPT_PM	2007 ND 205
14888	1	0	OK	21	0.885	ACCEPT_PM	2008 ND 9
14891	1	0	OK	15	0.85	ACCEPT_PM	2008 ND 8
14906	1	0	OK	24	0.907	ACCEPT_PM	2008 ND 33
14910	1	0	OK	8	0.812	ACCEPT_PM	2008 ND 35
14914	1	0	OK	28	0.898	ACCEPT_PM	2008 ND 39
14919	1	0	OK	68	0.905	ACCEPT_PM	2008 ND 47
14923	1	0	OK	38	0.887	ACCEPT_PM	2008 ND 49
14929	1	0	OK	15	0.81	ACCEPT_PM	2008 ND 50
14938	1	0	OK	102	0.929	ACCEPT_PM	2008 ND 57
14954	1	0	OK	34	0.901	ACCEPT_PM	2008 ND 84
14960	1	0	OK	20	0.868	ACCEPT_PM	2008 ND 97
14970	1	0	OK	20	0.84	ACCEPT_PM	2008 ND 100
15011	1	0	OK	35	0.901	ACCEPT_PM	2008 ND 135
15015	1	0	OK	17	0.887	ACCEPT_PM	2008 ND 139
15021	1	0	OK	50	0.918	ACCEPT_PM	2008 ND 141
15022	1	0	OK	21	0.887	ACCEPT_PM	2008 ND 146
15023	1	0	OK	32	0.86	ACCEPT_PM	2008 ND 148
15030	1	0	OK	34	0.894	ACCEPT_PM	2008 ND 156
15032	1	0	OK	27	0.861	ACCEPT_PM	2008 ND 159
15037	1	0	OK	22	0.883	ACCEPT_PM	2008 ND 164
15050	1	0	OK	27	0.834	ACCEPT_PM	2008 ND 171
15067	1	0	OK	23	0.87	ACCEPT_PM	2008 ND 188
15068	1	0	OK	14	0.857	ACCEPT_PM	2008 ND 196
15071	1	0	OK	16	0.864	ACCEPT_PM	2008 ND 204
15072	1	0	OK	11	0.815	ACCEPT_PM	2008 ND 205
15094	1	0	OK	52	0.919	ACCEPT_PM	2008 ND 219
15097	1	0	OK	41	0.897	ACCEPT_PM	2008 ND 221
15103	1	0	OK	10	0.857	ACCEPT_PM	2008 ND 223
15139	1	0	OK	8	0.755	ACCEPT_PM	2009 ND 9
15140	1	0	OK	25	0.892	ACCEPT_PM	2009 ND 13
15151	1	0	OK	38	0.895	ACCEPT_PM	2009 ND 44
15152	1	0	OK	38	0.925	ACCEPT_PM	2009 ND 34
15156	1	0	OK	22	0.877	ACCEPT_PM	2009 ND 41
15165	1	0	OK	28	0.853	ACCEPT_PM	2009 ND 37
15172	1	0	OK	20	0.853	ACCEPT_PM	2009 ND 53
15175	1	0	OK	15	0.808	ACCEPT_PM	2009 ND 55
15181	1	0	OK	24	0.895	ACCEPT_PM	2009 ND 78
15184	1	0	OK	26	0.887	ACCEPT_PM	2009 ND 79
15189	1	0	OK	43	0.901	ACCEPT_PM	2009 ND 82
15194	1	0	OK	19	0.86	ACCEPT_PM	2009 ND 81
15211	1	0	OK	25	0.868	ACCEPT_PM	2009 ND 103
15213	1	0	OK	32	0.837	ACCEPT_PM	2009 ND 110
15224	1	0	OK	15	0.868	ACCEPT_PM	2009 ND 129
15229	1	0	OK	18	0.855	ACCEPT_PM	2009 ND 126
15247	1	0	OK	23	0.914	ACCEPT_PM	2009 ND 135
15250	1	0	OK	21	0.877	ACCEPT_PM	2009 ND 143
15256	1	0	OK	30	0.888	ACCEPT_PM	2009 ND 140
15259	1	0	OK	25	0.864	ACCEPT_PM	2009 ND 145
15278	1	0	OK	41	0.911	ACCEPT_PM	2009 ND 162
15285	1	0	OK	19	0.872	ACCEPT_PM	2009 ND 174
15289	1	0	OK	31	0.877	ACCEPT_PM	2009 ND 179
15291	1	0	OK	27	0.902	ACCEPT_PM	2009 ND 183
15299	1	0	OK	51	0.911	ACCEPT_PM	2009 ND 189
15308	1	0	OK	35	0.896	ACCEPT_PM	2009 ND 204
15311	1	0	OK	17	0.873	ACCEPT_PM	2009 ND 206
15313	1	0	OK	14	0.837	ACCEPT_PM	2009 ND 212
15409	1	0	OK	8	0.836	ACCEPT_PM	2009 ND 216
15338	1	0	OK	27	0.889	ACCEPT_PM	2010 ND 20
15339	1	0	OK	18	0.843	ACCEPT_PM	2010 ND 16
15349	1	0	OK	18	0.878	ACCEPT_PM	2010 ND 24
15355	1	0	OK	51	0.917	ACCEPT_PM	2010 ND 23
15403	1	0	OK	43	0.886	ACCEPT_PM	2010 ND 69
15408	1	0	OK	24	0.897	ACCEPT_PM	2010 ND 68
15404	1	0	OK	45	0.891	ACCEPT_PM	2010 ND 76
15405	1	0	OK	16	0.842	ACCEPT_PM	2010 ND 84
15431	1	0	OK	17	0.857	ACCEPT_PM	2010 ND 109
15441	1	0	OK	29	0.897	ACCEPT_PM	2010 ND 102
15445	1	0	OK	30	0.876	ACCEPT_PM	2010 ND 113
15447	1	0	OK	11	0.813	ACCEPT_PM	2010 ND 120
15450	1	0	OK	25	0.904	ACCEPT_PM	2010 ND 121
15465	1	0	OK	13	0.768	ACCEPT_PM	2010 ND 132
15466	1	0	OK	15	0.875	ACCEPT_PM	2010 ND 133
15469	1	0	OK	2	0.556	ACCEPT_PM	2010 ND 129
15470	1	0	OK	84	0.913	ACCEPT_PM	2010 ND 138
15490	1	0	OK	23	0.873	ACCEPT_PM	2010 ND 155
15495	1	0	OK	47	0.91	ACCEPT_PM	2010 ND 169
15507	1	0	OK	21	0.865	ACCEPT_PM	2010 ND 183
15511	1	0	OK	12	0.848	ACCEPT_PM	2010 ND 199
15528	1	0	OK	17	0.87	ACCEPT_PM	2010 ND 201
15530	1	0	OK	22	0.858	ACCEPT_PM	2010 ND 216
15538	1	0	OK	6	0.769	ACCEPT_PM	2010 ND 212
15554	1	0	OK	18	0.842	ACCEPT_PM	2010 ND 244
15558	1	0	OK	21	0.847	ACCEPT_PM	2010 ND 247
15560	1	0	OK	41	0.904	ACCEPT_PM	2010 ND 251
15572	1	0	OK	12	0.819	ACCEPT_PM	2011 ND 25
15573	1	0	OK	36	0.9	ACCEPT_PM	2011 ND 23
15578	1	0	OK	22	0.9	ACCEPT_PM	2011 ND 27
15591	1	0	OK	26	0.897	ACCEPT_PM	2011 ND 53
15592	1	0	OK	14	0.848	ACCEPT_PM	2011 ND 51
15614	1	0	OK	17	0.872	ACCEPT_PM	2011 ND 77
15615	1	0	OK	69	0.902	ACCEPT_PM	2011 ND 74
15624	1	0	OK	26	0.863	ACCEPT_PM	2011 ND 87
15631	1	0	OK	15	0.837	ACCEPT_PM	2011 ND 112
15658	1	0	NONE	0	0.0	REVIEW	2011 ND 107
15684	1	0	OK	35	0.918	ACCEPT_PM	2011 ND 131
15695	1	0	OK	14	0.803	ACCEPT_PM	2011 ND 151
15709	1	0	OK	18	0.837	ACCEPT_PM	2011 ND 166
15716	1	0	OK	40	0.882	ACCEPT_PM	2011 ND 182
15723	1	0	OK	16	0.833	ACCEPT_PM	2011 ND 187
15724	1	0	OK	33	0.908	ACCEPT_PM	2011 ND 184
15730	1	0	OK	21	0.864	ACCEPT_PM	2011 ND 201
15735	1	0	OK	30	0.857	ACCEPT_PM	2011 ND 197
15737	1	0	OK	39	0.889	ACCEPT_PM	2011 ND 205
15748	1	0	OK	20	0.868	ACCEPT_PM	2011 ND 223
15750	1	0	OK	28	0.792	ACCEPT_PM	2011 ND 231
15752	1	0	OK	19	0.881	ACCEPT_PM	2011 ND 238
15790	1	0	OK	13	0.851	ACCEPT_PM	2012 ND 11
15793	1	0	OK	35	0.854	ACCEPT_PM	2012 ND 29
15794	1	0	OK	39	0.904	ACCEPT_PM	2012 ND 38
15804	1	0	OK	25	0.873	ACCEPT_PM	2012 ND 24
15806	1	0	OK	33	0.867	ACCEPT_PM	2012 ND 25
15808	1	0	OK	23	0.824	ACCEPT_PM	2012 ND 40
15813	1	0	OK	29	0.886	ACCEPT_PM	2012 ND 55
15819	1	0	OK	14	0.876	ACCEPT_PM	2012 ND 59
15825	1	0	OK	17	0.866	ACCEPT_PM	2012 ND 75
15829	1	0	OK	19	0.867	ACCEPT_PM	2012 ND 74
15837	1	0	OK	33	0.895	ACCEPT_PM	2012 ND 86
15842	1	0	OK	14	0.848	ACCEPT_PM	2012 ND 97
15865	1	0	OK	43	0.892	ACCEPT_PM	2012 ND 148
15870	1	0	OK	19	0.878	ACCEPT_PM	2012 ND 141
15872	1	0	OK	28	0.892	ACCEPT_PM	2012 ND 135
15873	1	0	OK	21	0.895	ACCEPT_PM	2012 ND 140
15907	1	0	OK	41	0.856	ACCEPT_PM	2012 ND 164
15908	1	0	OK	28	0.867	ACCEPT_PM	2012 ND 169
15910	1	0	OK	26	0.887	ACCEPT_PM	2012 ND 166
15914	1	0	OK	34	0.873	ACCEPT_PM	2012 ND 171
15920	1	0	OK	28	0.866	ACCEPT_PM	2012 ND 179
15921	1	0	OK	15	0.824	ACCEPT_PM	2012 ND 185
15923	1	0	OK	16	0.845	ACCEPT_PM	2012 ND 182
15933	1	0	OK	34	0.869	ACCEPT_PM	2012 ND 201
15935	1	0	OK	36	0.886	ACCEPT_PM	2012 ND 203
15938	1	0	OK	14	0.844	ACCEPT_PM	2012 ND 222
15958	1	0	OK	17	0.843	ACCEPT_PM	2012 ND 244
15971	1	0	OK	24	0.879	ACCEPT_PM	2012 ND 258
15975	1	0	OK	13	0.82	ACCEPT_PM	2012 ND 257
15978	1	0	OK	26	0.792	ACCEPT_PM	2013 ND 12
15982	1	0	OK	10	0.817	ACCEPT_PM	2013 ND 9
15984	1	0	OK	31	0.907	ACCEPT_PM	2013 ND 14
15994	1	0	OK	25	0.872	ACCEPT_PM	2013 ND 33
15995	1	0	OK	55	0.88	ACCEPT_PM	2013 ND 29
15998	1	0	OK	18	0.862	ACCEPT_PM	2013 ND 26
16000	1	0	OK	72	0.927	ACCEPT_PM	2013 ND 24
16007	1	0	OK	28	0.889	ACCEPT_PM	2013 ND 34
16008	1	0	OK	31	0.895	ACCEPT_PM	2013 ND 35
16017	1	0	OK	15	0.798	ACCEPT_PM	2013 ND 56
16045	1	0	OK	21	0.863	ACCEPT_PM	2013 ND 60
16035	1	0	OK	30	0.87	ACCEPT_PM	2013 ND 73
16036	1	0	OK	21	0.863	ACCEPT_PM	2013 ND 75
16040	1	0	OK	42	0.87	ACCEPT_PM	2013 ND 78
16043	1	0	OK	21	0.836	ACCEPT_PM	2013 ND 80
16047	1	0	OK	43	0.875	ACCEPT_PM	2013 ND 83
16049	1	0	OK	41	0.935	ACCEPT_PM	2013 ND 85
16056	1	0	OK	19	0.892	ACCEPT_PM	2013 ND 100
16060	1	0	OK	16	0.879	ACCEPT_PM	2013 ND 103
16061	1	0	OK	37	0.908	ACCEPT_PM	2013 ND 109
16068	1	0	OK	26	0.857	ACCEPT_PM	2013 ND 112
16085	1	0	OK	45	0.909	ACCEPT_PM	2013 ND 132
16137	1	0	OK	7	0.715	ACCEPT_PM	2013 ND 135
16089	1	0	OK	33	0.892	ACCEPT_PM	2013 ND 136
16094	1	0	OK	30	0.862	ACCEPT_PM	2013 ND 142
16102	1	0	OK	36	0.852	ACCEPT_PM	2013 ND 155
16106	1	0	OK	18	0.871	ACCEPT_PM	2013 ND 154
16108	1	0	OK	24	0.854	ACCEPT_PM	2013 ND 149
16118	1	0	OK	11	0.889	ACCEPT_PM	2013 ND 172
16120	1	0	OK	22	0.873	ACCEPT_PM	2013 ND 168
16139	1	0	OK	22	0.89	ACCEPT_PM	2013 ND 212
16161	1	0	OK	7	0.685	ACCEPT_PM	2013 ND 220
16163	1	0	OK	20	0.888	ACCEPT_PM	2013 ND 237
16172	1	0	OK	30	0.883	ACCEPT_PM	2013 ND 247
16194	1	0	OK	33	0.877	ACCEPT_PM	2014 ND 8
16208	1	0	OK	19	0.881	ACCEPT_PM	2014 ND 23
16212	1	0	OK	51	0.881	ACCEPT_PM	2014 ND 28
16230	1	0	OK	25	0.941	ACCEPT_PM	2014 ND 31
16242	1	0	OK	12	0.853	ACCEPT_PM	2014 ND 67
16233	1	0	OK	40	0.922	ACCEPT_PM	2014 ND 53
16239	1	0	OK	32	0.917	ACCEPT_PM	2014 ND 66
16240	1	0	OK	46	0.875	ACCEPT_PM	2014 ND 62
16243	1	0	OK	26	0.853	ACCEPT_PM	2014 ND 68
16251	1	0	OK	15	0.855	ACCEPT_PM	2014 ND 85
16258	1	0	OK	62	0.939	ACCEPT_PM	2014 ND 90
16274	1	0	OK	50	0.937	ACCEPT_PM	2014 ND 107
16290	1	0	OK	36	0.934	ACCEPT_PM	2014 ND 124
16302	1	0	OK	31	0.932	ACCEPT_PM	2014 ND 144
16337	1	0	OK	28	0.909	ACCEPT_PM	2014 ND 160
16340	1	0	OK	31	0.911	ACCEPT_PM	2014 ND 163
16343	1	0	OK	17	0.856	ACCEPT_PM	2014 ND 173
16344	1	0	OK	18	0.888	ACCEPT_PM	2014 ND 171
16351	1	0	OK	36	0.869	ACCEPT_PM	2014 ND 179
16360	1	0	OK	185	0.93	ACCEPT_PM	2014 ND 197
16364	1	0	OK	24	0.889	ACCEPT_PM	2014 ND 192
16367	1	0	OK	39	0.947	ACCEPT_PM	2014 ND 202
16372	1	0	OK	23	0.861	ACCEPT_PM	2014 ND 227
16375	1	0	OK	20	0.885	ACCEPT_PM	2014 ND 222
16379	1	0	OK	26	0.885	ACCEPT_PM	2014 ND 231
16380	1	0	OK	13	0.845	ACCEPT_PM	2014 ND 225
16383	1	0	OK	17	0.857	ACCEPT_PM	2014 ND 236
16385	1	0	OK	28	0.886	ACCEPT_PM	2014 ND 230
16384	1	0	OK	25	0.881	ACCEPT_PM	2014 ND 238
16387	1	0	OK	25	0.89	ACCEPT_PM	2014 ND 239
16393	1	0	OK	21	0.839	ACCEPT_PM	2015 ND 6
16394	1	0	OK	22	0.898	ACCEPT_PM	2015 ND 10
16395	1	0	OK	15	0.854	ACCEPT_PM	2015 ND 9
16410	1	0	OK	43	0.9	ACCEPT_PM	2015 ND 34
16414	1	0	OK	18	0.851	ACCEPT_PM	2015 ND 42
16415	1	0	OK	32	0.852	ACCEPT_PM	2015 ND 18
16417	1	0	OK	20	0.872	ACCEPT_PM	2015 ND 36
16436	1	0	OK	37	0.938	ACCEPT_PM	2015 ND 58
16437	1	0	OK	25	0.882	ACCEPT_PM	2015 ND 75
16445	1	0	OK	13	0.877	ACCEPT_PM	2015 ND 72
16447	1	0	OK	35	0.932	ACCEPT_PM	2015 ND 63
16450	1	0	OK	11	0.824	ACCEPT_PM	2015 ND 59
16452	1	0	OK	11	0.801	ACCEPT_PM	2015 ND 74
16453	1	0	OK	16	0.847	ACCEPT_PM	2015 ND 70
16466	1	0	OK	35	0.889	ACCEPT_PM	2015 ND 97
16468	1	0	OK	24	0.836	ACCEPT_PM	2015 ND 96
16470	1	0	OK	18	0.882	ACCEPT_PM	2015 ND 101
16471	1	0	OK	20	0.887	ACCEPT_PM	2015 ND 98
16474	1	0	OK	18	0.874	ACCEPT_PM	2015 ND 102
16479	1	0	OK	13	0.769	ACCEPT_PM	2015 ND 113
16486	1	0	OK	17	0.891	ACCEPT_PM	2015 ND 137
16501	1	0	OK	33	0.869	ACCEPT_PM	2015 ND 140
16503	1	0	OK	32	0.744	ACCEPT_PM	2015 ND 138
16504	1	0	OK	7	0.722	ACCEPT_PM	2015 ND 141
16508	1	0	OK	22	0.885	ACCEPT_PM	2015 ND 149
16509	1	0	OK	23	0.889	ACCEPT_PM	2015 ND 155
16510	1	0	OK	28	0.895	ACCEPT_PM	2015 ND 148
16525	1	0	OK	13	0.818	ACCEPT_PM	2015 ND 172
16530	1	0	OK	18	0.867	ACCEPT_PM	2015 ND 171
16536	1	0	OK	25	0.905	ACCEPT_PM	2015 ND 188
16550	1	0	OK	13	0.782	ACCEPT_PM	2015 ND 203
16551	1	0	OK	31	0.901	ACCEPT_PM	2015 ND 204
16560	1	0	OK	33	0.945	ACCEPT_PM	2015 ND 206
16566	1	0	OK	31	0.906	ACCEPT_PM	2015 ND 207
16568	1	0	OK	14	0.747	ACCEPT_PM	2015 ND 221
16575	1	0	OK	18	0.841	ACCEPT_PM	2015 ND 230
16577	1	0	OK	43	0.874	ACCEPT_PM	2015 ND 237
16579	1	0	OK	30	0.915	ACCEPT_PM	2015 ND 235
16582	1	0	OK	50	0.949	ACCEPT_PM	2015 ND 238
16598	1	0	OK	27	0.914	ACCEPT_PM	2015 ND 248
16602	1	0	OK	28	0.897	ACCEPT_PM	2015 ND 253
16603	1	0	OK	24	0.88	ACCEPT_PM	2015 ND 251
16608	1	0	NONE	0	0.742	ACCEPT_PM	2015 ND 267
16616	1	0	OK	23	0.889	ACCEPT_PM	2015 ND 279
16618	1	0	OK	15	0.833	ACCEPT_PM	2015 ND 277
16620	1	0	OK	35	0.87	ACCEPT_PM	2015 ND 280
16624	1	0	OK	22	0.851	ACCEPT_PM	2015 ND 284
16627	1	0	OK	16	0.779	ACCEPT_PM	2015 ND 288
16628	1	0	OK	17	0.886	ACCEPT_PM	2015 ND 289
16629	1	0	OK	35	0.867	ACCEPT_PM	2015 ND 296
16631	1	0	OK	13	0.856	ACCEPT_PM	2015 ND 301
16632	1	0	OK	14	0.805	ACCEPT_PM	2015 ND 295
16642	1	0	OK	15	0.817	ACCEPT_PM	2016 ND 9
16644	1	0	OK	17	0.845	ACCEPT_PM	2016 ND 16
16646	1	0	OK	38	0.878	ACCEPT_PM	2016 ND 14
16647	1	0	OK	15	0.85	ACCEPT_PM	2016 ND 10
16649	1	0	OK	24	0.874	ACCEPT_PM	2016 ND 17
16654	1	0	OK	14	0.845	ACCEPT_PM	2016 ND 21
16655	1	0	OK	21	0.861	ACCEPT_PM	2016 ND 36
16661	1	0	OK	13	0.852	ACCEPT_PM	2016 ND 33
16662	1	0	OK	17	0.831	ACCEPT_PM	2016 ND 34
16663	1	0	OK	15	0.909	ACCEPT_PM	2016 ND 29
16673	1	0	OK	36	0.887	ACCEPT_PM	2016 ND 46
16693	1	0	OK	11	0.824	ACCEPT_PM	2016 ND 56
16712	1	0	OK	13	0.858	ACCEPT_PM	2016 ND 99
16722	1	0	OK	42	0.937	ACCEPT_PM	2016 ND 101
16736	1	0	OK	14	0.882	ACCEPT_PM	2016 ND 131
16740	1	0	OK	14	0.777	ACCEPT_PM	2016 ND 136
16741	1	0	OK	20	0.868	ACCEPT_PM	2016 ND 132
16742	1	0	OK	28	0.89	ACCEPT_PM	2016 ND 137
16747	1	0	OK	12	0.816	ACCEPT_PM	2016 ND 128
16758	1	0	OK	16	0.926	ACCEPT_PM	2016 ND 153
16766	1	0	OK	22	0.819	ACCEPT_PM	2016 ND 156
16767	1	0	OK	18	0.846	ACCEPT_PM	2016 ND 157
16769	1	0	OK	18	0.761	ACCEPT_PM	2016 ND 163
16770	1	0	OK	24	0.825	ACCEPT_PM	2016 ND 164
16771	1	0	OK	14	0.828	ACCEPT_PM	2016 ND 161
16774	1	0	OK	18	0.882	ACCEPT_PM	2016 ND 165
16781	1	0	OK	45	0.949	ACCEPT_PM	2016 ND 171
16783	1	0	OK	24	0.862	ACCEPT_PM	2016 ND 174
16793	1	0	OK	17	0.879	ACCEPT_PM	2016 ND 193
16794	1	0	OK	16	0.853	ACCEPT_PM	2016 ND 195
16801	1	0	OK	18	0.79	ACCEPT_PM	2016 ND 208
16802	1	0	OK	13	0.765	ACCEPT_PM	2016 ND 209
16804	1	0	OK	20	0.864	ACCEPT_PM	2016 ND 202
16808	1	0	OK	15	0.831	ACCEPT_PM	2016 ND 219
16825	1	0	OK	18	0.862	ACCEPT_PM	2016 ND 245
16836	1	0	OK	25	0.88	ACCEPT_PM	2017 ND 31
16840	1	0	OK	35	0.889	ACCEPT_PM	2017 ND 14
16841	1	0	OK	21	0.952	ACCEPT_PM	2017 ND 21
16842	1	0	OK	30	0.822	ACCEPT_PM	2017 ND 30
16856	1	0	OK	53	0.919	ACCEPT_PM	2017 ND 19
16861	1	0	OK	24	0.898	ACCEPT_PM	2017 ND 35
16887	1	0	OK	26	0.896	ACCEPT_PM	2017 ND 72
16907	1	0	OK	29	0.936	ACCEPT_PM	2017 ND 108
16917	1	0	OK	21	0.862	ACCEPT_PM	2017 ND 92
16919	1	0	OK	21	0.886	ACCEPT_PM	2017 ND 113
16921	1	0	OK	34	0.956	ACCEPT_PM	2017 ND 124
16922	1	0	OK	30	0.926	ACCEPT_PM	2017 ND 123
16928	1	0	OK	69	0.883	ACCEPT_PM	2017 ND 117
16945	1	0	OK	40	0.899	ACCEPT_PM	2017 ND 140
16947	1	0	OK	16	0.852	ACCEPT_PM	2017 ND 144
16948	1	0	OK	41	0.882	ACCEPT_PM	2017 ND 136
16967	1	0	OK	12	0.826	ACCEPT_PM	2017 ND 154
16972	1	0	OK	33	0.909	ACCEPT_PM	2017 ND 169
16980	1	0	OK	28	0.892	ACCEPT_PM	2017 ND 167
16981	1	0	OK	27	0.898	ACCEPT_PM	2017 ND 178
16995	1	0	OK	43	0.933	ACCEPT_PM	2017 ND 189
16998	1	0	OK	39	0.918	ACCEPT_PM	2017 ND 183
17006	1	0	OK	27	0.841	ACCEPT_PM	2017 ND 193
17023	1	0	OK	29	0.898	ACCEPT_PM	2017 ND 212
17028	1	0	OK	35	0.892	ACCEPT_PM	2017 ND 215
17039	1	0	OK	14	0.855	ACCEPT_PM	2017 ND 229
17049	1	0	OK	19	0.9	ACCEPT_PM	2017 ND 250
17054	1	0	OK	16	0.872	ACCEPT_PM	2017 ND 244
17055	1	0	OK	18	0.875	ACCEPT_PM	2017 ND 247
17056	1	0	OK	15	0.871	ACCEPT_PM	2017 ND 252
17059	1	0	OK	14	0.887	ACCEPT_PM	2017 ND 249
17085	1	0	OK	17	0.85	ACCEPT_PM	2017 ND 246
17060	1	0	OK	13	0.764	ACCEPT_PM	2017 ND 255
17065	1	0	OK	13	0.869	ACCEPT_PM	2017 ND 260
17070	1	0	OK	40	0.872	ACCEPT_PM	2017 ND 266
17071	1	0	OK	17	0.868	ACCEPT_PM	2017 ND 262
17087	1	0	OK	24	0.893	ACCEPT_PM	2017 ND 287
17092	1	0	OK	13	0.849	ACCEPT_PM	2017 ND 283
17099	1	0	OK	31	0.889	ACCEPT_PM	2017 ND 286
17104	1	0	OK	13	0.867	ACCEPT_PM	2017 ND 290
